DATE,TIME,TYPE,REF #,DESCRIPTION,Misc Fees,Fees,AMOUNT,BALANCE
4/25/24,09:32:36,TRD,1000429395615,BOT +39 SPY 100 25 APR 24 498 PUT @1.40 CBOE,-0.43,-25.35,"-5,460.00","216,479.98"
4/25/24,09:34:02,TRD,1000429395662,SOLD -39 SPY 100 25 APR 24 498 PUT @1.41 CBOE,-0.58,-25.35,"5,499.00","221,953.05"
4/25/24,09:34:23,TRD,1000429395678,BOT +15 SPY 100 25 APR 24 498 PUT @1.47 BATS,-0.16,-9.75,"-2,205.00","219,738.14"
4/25/24,09:34:23,TRD,1000429395678,BOT +24 SPY 100 25 APR 24 498 PUT @1.47 BATS,-0.27,-15.60,"-3,528.00","216,194.27"
4/25/24,09:34:52,TRD,1000429395689,SOLD -39 SPY 100 25 APR 24 498 PUT @1.50,-0.59,-25.35,"5,850.00","222,018.33"
4/25/24,09:35:15,TRD,1000429395703,BOT +39 SPY 100 25 APR 24 498 PUT @1.56,-0.43,-25.35,"-6,084.00","215,908.55"
4/25/24,09:35:42,TRD,1000429395716,SOLD -39 SPY 100 25 APR 24 498 PUT @1.31,-0.58,-25.35,"5,109.00","220,991.62"
4/25/24,09:36:11,TRD,1000429395735,BOT +39 SPY 100 25 APR 24 498 PUT @1.40 CBOE,-0.43,-25.35,"-5,460.00","215,505.84"
4/25/24,09:37:10,TRD,1000429395794,SOLD -39 SPY 100 25 APR 24 498 PUT @1.56,-0.59,-25.35,"6,084.00","221,563.90"
4/25/24,09:37:33,TRD,1000429395820,BOT +34 SPY 100 25 APR 24 498 PUT @1.44 NASDAQ,-0.37,-22.10,"-4,896.00","216,645.43"
4/25/24,09:37:33,TRD,1000429395820,BOT +5 SPY 100 25 APR 24 498 PUT @1.44,-0.06,-3.25,-720.00,"215,922.12"
4/25/24,09:38:13,TRD,1000429395861,SOLD -19 SPY 100 25 APR 24 498 PUT @1.54 CBOE,-0.28,-12.35,"2,926.00","218,835.49"
4/25/24,09:38:13,TRD,1000429395861,SOLD -10 SPY 100 25 APR 24 498 PUT @1.54 CBOE,-0.16,-6.50,"1,540.00","220,368.83"
4/25/24,09:38:13,TRD,1000429395861,SOLD -10 SPY 100 25 APR 24 498 PUT @1.54 CBOE,-0.15,-6.50,"1,540.00","221,902.18"
4/25/24,09:39:25,TRD,1000429395895,BOT +19 SPY 100 25 APR 24 498 PUT @1.51 CBOE,-0.21,-12.35,"-2,869.00","219,020.62"
4/25/24,09:39:25,TRD,1000429395895,BOT +9 SPY 100 25 APR 24 498 PUT @1.51 CBOE,-0.10,-5.85,"-1,359.00","217,655.67"
4/25/24,09:39:25,TRD,1000429395895,BOT +5 SPY 100 25 APR 24 498 PUT @1.51 CBOE,-0.05,-3.25,-755.00,"216,897.37"
4/25/24,09:39:25,TRD,1000429395895,BOT +6 SPY 100 25 APR 24 498 PUT @1.51 CBOE,-0.07,-3.90,-906.00,"215,987.40"
4/25/24,09:40:06,TRD,1000429395930,SOLD -7 SPY 100 25 APR 24 498 PUT @1.55 CBOE,-0.11,-4.55,"1,085.00","217,067.74"
4/25/24,09:40:06,TRD,1000429395930,SOLD -27 SPY 100 25 APR 24 498 PUT @1.55 CBOE,-0.39,-17.55,"4,185.00","221,234.80"
4/25/24,09:40:06,TRD,1000429395930,SOLD -5 SPY 100 25 APR 24 498 PUT @1.55 CBOE,-0.09,-3.25,775.00,"222,006.46"
4/25/24,09:41:25,TRD,1000429395971,BOT +19 SPY 100 25 APR 24 498 PUT @1.47 CBOE,-0.21,-12.35,"-2,793.00","219,200.90"
4/25/24,09:41:25,TRD,1000429395971,BOT +20 SPY 100 25 APR 24 498 PUT @1.47 CBOE,-0.22,-13.00,"-2,940.00","216,247.68"
4/25/24,09:41:36,TRD,1000429395976,SOLD -26 SPY 100 25 APR 24 498 PUT @1.56 BOX,-0.39,-16.90,"4,056.00","220,286.39"
4/25/24,09:41:36,TRD,1000429395976,SOLD -13 SPY 100 25 APR 24 498 PUT @1.57,-0.20,-8.45,"2,041.00","222,318.74"
4/25/24,09:42:06,TRD,1000429395993,BOT +29 SPY 100 25 APR 24 498 PUT @1.46 CBOE,-0.32,-18.85,"-4,234.00","218,065.57"
4/25/24,09:42:06,TRD,1000429395993,BOT +10 SPY 100 25 APR 24 498 PUT @1.46,-0.11,-6.50,"-1,460.00","216,598.96"
4/25/24,09:42:17,TRD,1000430190008,SOLD -39 SPY 100 25 APR 24 498 PUT @1.43,-0.58,-25.35,"5,577.00","222,150.03"
4/25/24,09:42:26,TRD,1000430190021,BOT +7 SPY 100 25 APR 24 499 CALL @1.64,-0.08,-4.55,"-1,148.00","220,997.40"
4/25/24,09:42:26,TRD,1000430190021,BOT +4 SPY 100 25 APR 24 499 CALL @1.64,-0.04,-2.60,-656.00,"220,338.76"
4/25/24,09:42:26,TRD,1000430190021,BOT +8 SPY 100 25 APR 24 499 CALL @1.64 BOX,-0.09,-5.20,"-1,312.00","219,021.47"
4/25/24,09:42:27,TRD,1000430190021,BOT +20 SPY 100 25 APR 24 499 CALL @1.64 BOX,-0.22,-13.00,"-3,280.00","215,728.25"
4/25/24,09:42:50,TRD,1000430190035,SOLD -11 SPY 100 25 APR 24 499 CALL @1.75 CBOE,-0.17,-7.15,"1,925.00","217,645.93"
4/25/24,09:42:50,TRD,1000430190035,SOLD -17 SPY 100 25 APR 24 499 CALL @1.75 CBOE,-0.26,-11.05,"2,975.00","220,609.62"
4/25/24,09:42:50,TRD,1000430190035,SOLD -11 SPY 100 25 APR 24 499 CALL @1.75 CBOE,-0.16,-7.15,"1,925.00","222,527.31"
4/25/24,09:43:46,TRD,1000430190088,BOT +39 SPY 100 25 APR 24 500 CALL @1.34,-0.43,-25.35,"-5,226.00","217,275.53"
4/25/24,09:44:03,TRD,1000430190097,SOLD -6 SPY 100 25 APR 24 500 CALL @1.37 CBOE,-0.10,-3.90,822.00,"218,093.53"
4/25/24,09:44:03,TRD,1000430190097,SOLD -5 SPY 100 25 APR 24 500 CALL @1.37 CBOE,-0.06,-3.25,685.00,"218,775.22"
4/25/24,09:44:03,TRD,1000430190097,SOLD -27 SPY 100 25 APR 24 500 CALL @1.36 CBOE,-0.41,-17.55,"3,672.00","222,429.26"
4/25/24,09:44:03,TRD,1000430190097,SOLD -1 SPY 100 25 APR 24 500 CALL @1.36 CBOE,-0.01,-0.65,136.00,"222,564.60"
4/25/24,09:44:24,TRD,1000430190105,BOT +5 SPY 100 25 APR 24 499 PUT @1.74 CBOE,-0.05,-3.25,-870.00,"221,691.30"
4/25/24,09:44:24,TRD,1000430190105,BOT +1 SPY 100 25 APR 24 499 PUT @1.75 CBOE,-0.02,-0.65,-175.00,"221,515.63"
4/25/24,09:44:24,TRD,1000430190105,BOT +26 SPY 100 25 APR 24 499 PUT @1.75 CBOE,-0.28,-16.90,"-4,550.00","216,948.45"
4/25/24,09:44:24,TRD,1000430190105,BOT +7 SPY 100 25 APR 24 499 PUT @1.75 CBOE,-0.08,-4.55,"-1,225.00","215,718.82"
4/25/24,09:45:45,TRD,1000430190146,SOLD -30 SPY 100 25 APR 24 499 PUT @1.64 NASDAQ,-0.45,-19.50,"4,920.00","220,618.87"
4/25/24,09:45:45,TRD,1000430190146,SOLD -5 SPY 100 25 APR 24 499 PUT @1.63,-0.08,-3.25,815.00,"221,430.54"
4/25/24,09:45:45,TRD,1000430190146,SOLD -4 SPY 100 25 APR 24 499 PUT @1.63,-0.06,-2.60,652.00,"222,079.88"
4/25/24,09:45:58,TRD,1000430190150,BOT +39 SPY 100 25 APR 24 500 CALL @1.42 CBOE,-0.43,-25.35,"-5,538.00","216,516.10"
4/25/24,09:47:11,TRD,1000430190177,SOLD -39 SPY 100 25 APR 24 500 CALL @1.30 CBOE,-0.58,-25.35,"5,070.00","221,560.17"
4/25/24,09:47:42,TRD,1000430190188,BOT +30 SPY 100 25 APR 24 498 PUT @1.31 BOX,-0.33,-19.50,"-3,930.00","217,610.34"
4/25/24,09:47:42,TRD,1000430190188,BOT +9 SPY 100 25 APR 24 498 PUT @1.30,-0.10,-5.85,"-1,170.00","216,434.39"
4/25/24,09:49:02,TRD,1000430190202,SOLD -1 SPY 100 25 APR 24 498 PUT @1.44 CBOE,-0.01,-0.65,144.00,"216,577.73"
4/25/24,09:49:02,TRD,1000430190202,SOLD -11 SPY 100 25 APR 24 498 PUT @1.43 CBOE,-0.16,-7.15,"1,573.00","218,143.42"
4/25/24,09:49:02,TRD,1000430190202,SOLD -12 SPY 100 25 APR 24 498 PUT @1.43 CBOE,-0.19,-7.80,"1,716.00","219,851.43"
4/25/24,09:49:02,TRD,1000430190202,SOLD -15 SPY 100 25 APR 24 498 PUT @1.43 CBOE,-0.22,-9.75,"2,145.00","221,986.46"
4/25/24,09:49:35,TRD,1000430190211,BOT +15 SPY 100 25 APR 24 498 PUT @1.49,-0.16,-9.75,"-2,235.00","219,741.55"
4/25/24,09:49:35,TRD,1000430190211,BOT +16 SPY 100 25 APR 24 498 PUT @1.49,-0.18,-10.40,"-2,384.00","217,346.97"
4/25/24,09:49:35,TRD,1000430190211,BOT +8 SPY 100 25 APR 24 498 PUT @1.48 CBOE,-0.09,-5.20,"-1,184.00","216,157.68"
4/25/24,09:49:52,TRD,1000430190224,SOLD -34 SPY 100 25 APR 24 498 PUT @1.44 CBOE,-0.50,-22.10,"4,896.00","221,031.08"
4/25/24,09:49:53,TRD,1000430190224,SOLD -5 SPY 100 25 APR 24 498 PUT @1.44 CBOE,-0.08,-3.25,720.00,"221,747.75"
4/25/24,09:50:02,TRD,1000430190231,BOT +15 SPY 100 25 APR 24 498 PUT @1.49,-0.16,-9.75,"-2,235.00","219,502.84"
4/25/24,09:50:02,TRD,1000430190231,BOT +24 SPY 100 25 APR 24 498 PUT @1.49,-0.27,-15.60,"-3,576.00","215,910.97"
4/25/24,09:50:51,TRD,1000430190248,SOLD -39 SPY 100 25 APR 24 498 PUT @1.36 CBOE,-0.58,-25.35,"5,304.00","221,189.04"
4/25/24,09:51:04,TRD,1000430190254,BOT +15 SPY 100 25 APR 24 498 PUT @1.45 CBOE,-0.16,-9.75,"-2,175.00","219,004.13"
4/25/24,09:51:05,TRD,1000430190254,BOT +10 SPY 100 25 APR 24 498 PUT @1.45 CBOE,-0.11,-6.50,"-1,450.00","217,547.52"
4/25/24,09:51:05,TRD,1000430190254,BOT +10 SPY 100 25 APR 24 498 PUT @1.45 CBOE,-0.11,-6.50,"-1,450.00","216,090.91"
4/25/24,09:51:05,TRD,1000430190254,BOT +4 SPY 100 25 APR 24 498 PUT @1.45 CBOE,-0.05,-2.60,-580.00,"215,508.26"
4/25/24,09:51:12,TRD,1000430190256,SOLD -5 SPY 100 25 APR 24 498 PUT @1.50 CBOE,-0.07,-3.25,750.00,"216,254.94"
4/25/24,09:51:12,TRD,1000430190256,SOLD -20 SPY 100 25 APR 24 498 PUT @1.50 CBOE,-0.30,-13.00,"3,000.00","219,241.64"
4/25/24,09:51:12,TRD,1000430190256,SOLD -8 SPY 100 25 APR 24 498 PUT @1.50 CBOE,-0.12,-5.20,"1,200.00","220,436.32"
4/25/24,09:51:12,TRD,1000430190256,SOLD -1 SPY 100 25 APR 24 498 PUT @1.50 CBOE,-0.01,-0.65,150.00,"220,585.66"
4/25/24,09:51:12,TRD,1000430190256,SOLD -1 SPY 100 25 APR 24 498 PUT @1.49 CBOE,-0.02,-0.65,149.00,"220,733.99"
4/25/24,09:51:12,TRD,1000430190256,SOLD -1 SPY 100 25 APR 24 498 PUT @1.49 CBOE,-0.02,-0.65,149.00,"220,882.32"
4/25/24,09:51:12,TRD,1000430190256,SOLD -3 SPY 100 25 APR 24 498 PUT @1.49 CBOE,-0.05,-1.95,447.00,"221,327.32"
4/25/24,09:52:21,TRD,1000430190280,BOT +5 SPY 100 25 APR 24 498 PUT @1.69 CBOE,-0.05,-3.25,-845.00,"220,479.02"
4/25/24,09:52:21,TRD,1000430190280,BOT +5 SPY 100 25 APR 24 498 PUT @1.69 CBOE,-0.06,-3.25,-845.00,"219,630.71"
4/25/24,09:52:21,TRD,1000430190280,BOT +29 SPY 100 25 APR 24 498 PUT @1.69 CBOE,-0.32,-18.85,"-4,901.00","214,710.54"
4/25/24,09:54:04,TRD,1000430190308,BOT +39 SPY 100 25 APR 24 498 PUT @1.60,-0.43,-25.35,"-6,240.00","208,444.76"
4/25/24,09:54:11,TRD,1000430190312,SOLD -31 SPY 100 25 APR 24 498 PUT @1.68,-0.47,-20.15,"5,208.00","213,632.14"
4/25/24,09:54:11,TRD,1000430190312,SOLD -8 SPY 100 25 APR 24 498 PUT @1.68 BOX,-0.12,-5.20,"1,344.00","214,970.82"
4/25/24,09:54:16,TRD,1000430190315,SOLD -5 SPY 100 25 APR 24 498 PUT @1.63 CBOE,-0.07,-3.25,815.00,"215,782.50"
4/25/24,09:54:16,TRD,1000430190315,SOLD -3 SPY 100 25 APR 24 498 PUT @1.63 CBOE,-0.05,-1.95,489.00,"216,269.50"
4/25/24,09:54:16,TRD,1000430190315,SOLD -31 SPY 100 25 APR 24 498 PUT @1.64 CBOE,-0.47,-20.15,"5,084.00","221,332.88"
4/25/24,09:57:00,TRD,1000430190405,BOT +39 SPY 100 25 APR 24 498 PUT @1.69 CBOE,-0.43,-25.35,"-6,591.00","214,716.10"
4/25/24,09:58:26,TRD,1000430190422,SOLD -39 SPY 100 25 APR 24 498 PUT @1.57 CBOE,-0.59,-25.35,"6,123.00","220,813.16"
4/25/24,09:58:37,TRD,1000430190427,BOT +28 SPY 100 25 APR 24 499 CALL @1.49 BOX,-0.31,-18.20,"-4,172.00","216,622.65"
4/25/24,09:58:37,TRD,1000430190427,BOT +11 SPY 100 25 APR 24 499 CALL @1.49 BOX,-0.12,-7.15,"-1,639.00","214,976.38"
4/25/24,09:59:19,TRD,1000430190441,SOLD -39 SPY 100 25 APR 24 499 CALL @1.41 CBOE,-0.58,-25.35,"5,499.00","220,449.45"
4/25/24,09:59:51,TRD,1000430190462,BOT +5 SPY 100 25 APR 24 498 PUT @1.64 CBOE,-0.05,-3.25,-820.00,"219,626.15"
4/25/24,09:59:51,TRD,1000430190462,BOT +11 SPY 100 25 APR 24 498 PUT @1.64 CBOE,-0.13,-7.15,"-1,804.00","217,814.87"
4/25/24,09:59:51,TRD,1000430190462,BOT +22 SPY 100 25 APR 24 498 PUT @1.64 CBOE,-0.24,-14.30,"-3,608.00","214,192.33"
4/25/24,09:59:51,TRD,1000430190462,BOT +1 SPY 100 25 APR 24 498 PUT @1.64 CBOE,-0.01,-0.65,-164.00,"214,027.67"
4/25/24,10:00:21,TRD,1000430190477,SOLD -5 SPY 100 25 APR 24 498 PUT @1.64 CBOE,-0.07,-3.25,820.00,"214,844.35"
4/25/24,10:00:21,TRD,1000430190477,SOLD -2 SPY 100 25 APR 24 498 PUT @1.64 CBOE,-0.04,-1.30,328.00,"215,171.01"
4/25/24,10:00:21,TRD,1000430190477,SOLD -5 SPY 100 25 APR 24 498 PUT @1.64 CBOE,-0.07,-3.25,820.00,"215,987.69"
4/25/24,10:00:21,TRD,1000430190477,SOLD -1 SPY 100 25 APR 24 498 PUT @1.64 CBOE,-0.02,-0.65,164.00,"216,151.02"
4/25/24,10:00:21,TRD,1000430190477,SOLD -15 SPY 100 25 APR 24 498 PUT @1.64 CBOE,-0.23,-9.75,"2,460.00","218,601.04"
4/25/24,10:00:21,TRD,1000430190477,SOLD -11 SPY 100 25 APR 24 498 PUT @1.64 CBOE,-0.16,-7.15,"1,804.00","220,397.73"
4/25/24,10:01:38,TRD,1000430190498,BOT +39 SPY 100 25 APR 24 497 PUT @1.38 CBOE,-0.43,-25.35,"-5,382.00","214,989.95"
4/25/24,10:05:29,TRD,1000430190559,SOLD -39 SPY 100 25 APR 24 497 PUT @1.12 CBOE,-0.57,-25.35,"4,368.00","219,332.03"
4/25/24,10:06:20,TRD,1000430190582,BOT +39 SPY 100 25 APR 24 497 PUT @1.23,-0.43,-25.35,"-4,797.00","214,509.25"
4/25/24,10:08:03,TRD,1000430190604,SOLD -39 SPY 100 25 APR 24 497 PUT @1.09,-0.57,-25.35,"4,251.00","218,734.33"
4/25/24,10:08:34,TRD,1000430190617,BOT +39 SPY 100 25 APR 24 499 CALL @1.39 CBOE,-0.43,-25.35,"-5,421.00","213,287.55"
4/25/24,10:08:50,TRD,1000430190637,SOLD -39 SPY 100 25 APR 24 499 CALL @1.36 CBOE,-0.58,-25.35,"5,304.00","218,565.62"
4/25/24,10:11:28,TRD,1000430190695,BOT +13 SPY 100 25 APR 24 499 CALL @1.49,-0.14,-8.45,"-1,937.00","216,620.03"
4/25/24,10:12:34,TRD,1000430190708,SOLD -13 SPY 100 25 APR 24 499 CALL @1.50 CBOE,-0.20,-8.45,"1,950.00","218,561.38"
4/25/24,10:13:02,TRD,1000430190717,BOT +13 SPY 100 25 APR 24 499 CALL @1.61 NASDAQ,-0.14,-8.45,"-2,093.00","216,459.79"
4/25/24,10:14:10,TRD,1000430190743,SOLD -13 SPY 100 25 APR 24 499 CALL @1.60 CBOE,-0.20,-8.45,"2,080.00","218,531.14"
4/25/24,10:14:35,TRD,1000430190748,BOT +3 SPY 100 25 APR 24 500 CALL @1.21,-0.03,-1.95,-363.00,"218,166.16"
4/25/24,10:14:35,TRD,1000430190748,BOT +10 SPY 100 25 APR 24 500 CALL @1.21,-0.11,-6.50,"-1,210.00","216,949.55"
4/25/24,10:16:02,TRD,1000430190778,SOLD -13 SPY 100 25 APR 24 500 CALL @1.13,-0.19,-8.45,"1,469.00","218,409.91"
4/25/24,10:17:02,TRD,1000430190800,BOT +13 SPY 100 25 APR 24 499 CALL @1.65,-0.14,-8.45,"-2,145.00","216,256.32"
4/25/24,10:18:23,TRD,1000430190833,SOLD -5 SPY 100 25 APR 24 499 CALL @1.86 NASDAQ,-0.07,-3.25,930.00,"217,183.00"
4/25/24,10:18:24,TRD,1000430190833,SOLD -3 SPY 100 25 APR 24 499 CALL @1.86,-0.05,-1.95,558.00,"217,739.00"
4/25/24,10:18:24,TRD,1000430190833,SOLD -5 SPY 100 25 APR 24 499 CALL @1.86,-0.08,-3.25,930.00,"218,665.67"
4/25/24,10:19:13,TRD,1000430190849,BOT +1 SPY 100 25 APR 24 499 CALL @1.83 CBOE,-0.01,-0.65,-183.00,"218,482.01"
4/25/24,10:19:13,TRD,1000430190849,BOT +12 SPY 100 25 APR 24 499 CALL @1.82 CBOE,-0.13,-7.80,"-2,184.00","216,290.08"
4/25/24,10:20:46,TRD,1000430190877,SOLD -13 SPY 100 25 APR 24 499 CALL @1.80 CBOE,-0.20,-8.45,"2,340.00","218,621.43"
4/25/24,10:21:37,TRD,1000430190895,BOT +13 SPY 100 25 APR 24 499 CALL @1.78,-0.14,-8.45,"-2,314.00","216,298.84"
4/25/24,10:22:01,TRD,1000430190905,SOLD -13 SPY 100 25 APR 24 499 CALL @1.85 CBOE,-0.20,-8.45,"2,405.00","218,695.19"
4/25/24,10:22:15,TRD,1000430190910,BOT +5 SPY 100 25 APR 24 499 CALL @1.82,-0.05,-3.25,-910.00,"217,781.89"
4/25/24,10:22:15,TRD,1000430190910,BOT +4 SPY 100 25 APR 24 499 CALL @1.82,-0.05,-2.60,-728.00,"217,051.24"
4/25/24,10:22:15,TRD,1000430190910,BOT +4 SPY 100 25 APR 24 499 CALL @1.82,-0.04,-2.60,-728.00,"216,320.60"
4/25/24,10:22:28,TRD,1000430190914,SOLD -13 SPY 100 25 APR 24 499 CALL @1.86 CBOE,-0.20,-8.45,"2,418.00","218,729.95"
4/25/24,10:23:03,TRD,1000430190939,BOT +13 SPY 100 25 APR 24 499 CALL @1.84 NASDAQ,-0.14,-8.45,"-2,392.00","216,329.36"
4/25/24,10:23:30,TRD,1000430190964,SOLD -10 SPY 100 25 APR 24 499 CALL @1.87 CBOE,-0.15,-6.50,"1,870.00","218,192.71"
4/25/24,10:23:30,TRD,1000430190964,SOLD -1 SPY 100 25 APR 24 499 CALL @1.87 CBOE,-0.02,-0.65,187.00,"218,379.04"
4/25/24,10:23:30,TRD,1000430190964,SOLD -1 SPY 100 25 APR 24 499 CALL @1.87 CBOE,-0.01,-0.65,187.00,"218,565.38"
4/25/24,10:23:30,TRD,1000430190964,SOLD -1 SPY 100 25 APR 24 499 CALL @1.87 CBOE,-0.02,-0.65,187.00,"218,751.71"
4/25/24,10:23:59,TRD,1000430190973,BOT +13 SPY 100 25 APR 24 499 CALL @1.88 CBOE,-0.14,-8.45,"-2,444.00","216,299.12"
4/25/24,10:24:44,TRD,1000430190992,SOLD -13 SPY 100 25 APR 24 499 CALL @1.95 CBOE,-0.20,-8.45,"2,535.00","218,825.47"
4/25/24,10:26:40,TRD,1000430191022,BOT +5 SPY 100 25 APR 24 500 CALL @1.35 CBOE,-0.05,-3.25,-675.00,"218,147.17"
4/25/24,10:26:40,TRD,1000430191022,BOT +34 SPY 100 25 APR 24 500 CALL @1.34 CBOE,-0.38,-22.10,"-4,556.00","213,568.69"
4/25/24,10:27:13,TRD,1000430191043,SOLD -39 SPY 100 25 APR 24 500 CALL @1.38 NASDAQ,-0.58,-25.35,"5,382.00","218,924.76"
4/25/24,10:27:46,TRD,1000430191053,BOT +39 SPY 100 25 APR 24 500 CALL @1.34 CBOE,-0.43,-25.35,"-5,226.00","213,672.98"
4/25/24,10:28:32,TRD,1000430191070,SOLD -39 SPY 100 25 APR 24 500 CALL @1.43,-0.58,-25.35,"5,577.00","219,224.05"
4/25/24,10:29:03,TRD,1000430191093,BOT +39 SPY 100 25 APR 24 500 CALL @1.37 CBOE,-0.43,-25.35,"-5,343.00","213,855.27"
4/25/24,10:29:52,TRD,1000430191112,SOLD -39 SPY 100 25 APR 24 500 CALL @1.40 CBOE,-0.58,-25.35,"5,460.00","219,289.34"
4/25/24,10:30:11,TRD,1000430191119,BOT +1 SPY 100 25 APR 24 500 CALL @1.37,-0.01,-0.65,-137.00,"219,151.68"
4/25/24,10:30:11,TRD,1000430191119,BOT +38 SPY 100 25 APR 24 500 CALL @1.37 CBOE,-0.42,-24.70,"-5,206.00","213,920.56"
4/25/24,10:30:59,TRD,1000430191132,SOLD -5 SPY 100 25 APR 24 500 CALL @1.38 CBOE,-0.07,-3.25,690.00,"214,607.24"
4/25/24,10:30:59,TRD,1000430191132,SOLD -3 SPY 100 25 APR 24 500 CALL @1.38 CBOE,-0.05,-1.95,414.00,"215,019.24"
4/25/24,10:30:59,TRD,1000430191132,SOLD -5 SPY 100 25 APR 24 500 CALL @1.37 CBOE,-0.07,-3.25,685.00,"215,700.92"
4/25/24,10:30:59,TRD,1000430191132,SOLD -11 SPY 100 25 APR 24 500 CALL @1.38 CBOE,-0.17,-7.15,"1,518.00","217,211.60"
4/25/24,10:30:59,TRD,1000430191132,SOLD -8 SPY 100 25 APR 24 500 CALL @1.38 CBOE,-0.12,-5.20,"1,104.00","218,310.28"
4/25/24,10:30:59,TRD,1000430191132,SOLD -7 SPY 100 25 APR 24 500 CALL @1.38 CBOE,-0.10,-4.55,966.00,"219,271.63"
4/25/24,10:32:23,TRD,1000430191151,BOT +39 SPY 100 25 APR 24 500 CALL @1.35 CBOE,-0.43,-25.35,"-5,265.00","213,980.85"
4/25/24,10:33:05,TRD,1000430191169,SOLD -39 SPY 100 25 APR 24 500 CALL @1.28 CBOE,-0.58,-25.35,"4,992.00","218,946.92"
4/25/24,10:33:53,TRD,1000430191184,BOT +3 SPY 100 25 APR 24 498 PUT @1.02 CBOE,-0.03,-1.95,-306.00,"218,638.94"
4/25/24,10:33:53,TRD,1000430191184,BOT +5 SPY 100 25 APR 24 498 PUT @1.02 CBOE,-0.06,-3.25,-510.00,"218,125.63"
4/25/24,10:33:53,TRD,1000430191184,BOT +1 SPY 100 25 APR 24 498 PUT @1.02 CBOE,-0.01,-0.65,-102.00,"218,022.97"
4/25/24,10:33:53,TRD,1000430191184,BOT +7 SPY 100 25 APR 24 498 PUT @1.02 CBOE,-0.08,-4.55,-714.00,"217,304.34"
4/25/24,10:33:53,TRD,1000430191184,BOT +8 SPY 100 25 APR 24 498 PUT @1.02 CBOE,-0.08,-5.20,-816.00,"216,483.06"
4/25/24,10:33:53,TRD,1000430191184,BOT +15 SPY 100 25 APR 24 498 PUT @1.02 CBOE,-0.17,-9.75,"-1,530.00","214,943.14"
4/25/24,10:35:17,TRD,1000430191209,SOLD -5 SPY 100 25 APR 24 498 PUT @1.11 CBOE,-0.06,-3.25,555.00,"215,494.83"
4/25/24,10:35:17,TRD,1000430191209,SOLD -2 SPY 100 25 APR 24 498 PUT @1.11 CBOE,-0.05,-1.30,222.00,"215,715.48"
4/25/24,10:35:17,TRD,1000430191209,SOLD -5 SPY 100 25 APR 24 498 PUT @1.11 CBOE,-0.06,-3.25,555.00,"216,267.17"
4/25/24,10:35:17,TRD,1000430191209,SOLD -8 SPY 100 25 APR 24 498 PUT @1.11 CBOE,-0.13,-5.20,888.00,"217,149.84"
4/25/24,10:35:17,TRD,1000430191209,SOLD -19 SPY 100 25 APR 24 498 PUT @1.11 CBOE,-0.27,-12.35,"2,109.00","219,246.22"
4/25/24,10:37:09,TRD,1000430191236,BOT +5 SPY 100 25 APR 24 498 PUT @1.13,-0.05,-3.25,-565.00,"218,677.92"
4/25/24,10:37:09,TRD,1000430191236,BOT +34 SPY 100 25 APR 24 498 PUT @1.13,-0.38,-22.10,"-3,842.00","214,813.44"
4/25/24,10:38:04,TRD,1000430191247,SOLD -39 SPY 100 25 APR 24 498 PUT @1.13 CBOE,-0.58,-25.35,"4,407.00","219,194.51"
4/25/24,10:39:37,TRD,1000430191275,BOT +15 SPY 100 25 APR 24 500 CALL @1.19 CBOE,-0.16,-9.75,"-1,785.00","217,399.60"
4/25/24,10:39:37,TRD,1000430191275,BOT +5 SPY 100 25 APR 24 500 CALL @1.19 CBOE,-0.06,-3.25,-595.00,"216,801.29"
4/25/24,10:39:37,TRD,1000430191275,BOT +5 SPY 100 25 APR 24 500 CALL @1.19 CBOE,-0.05,-3.25,-595.00,"216,202.99"
4/25/24,10:39:37,TRD,1000430191275,BOT +8 SPY 100 25 APR 24 500 CALL @1.19 CBOE,-0.09,-5.20,-952.00,"215,245.70"
4/25/24,10:39:37,TRD,1000430191275,BOT +6 SPY 100 25 APR 24 500 CALL @1.19 CBOE,-0.07,-3.90,-714.00,"214,527.73"
4/25/24,10:40:35,TRD,1000430191282,SOLD -4 SPY 100 25 APR 24 500 CALL @1.05 CBOE,-0.05,-2.60,420.00,"214,945.08"
4/25/24,10:40:35,TRD,1000430191282,SOLD -8 SPY 100 25 APR 24 500 CALL @1.05 CBOE,-0.12,-5.20,840.00,"215,779.76"
4/25/24,10:40:35,TRD,1000430191282,SOLD -1 SPY 100 25 APR 24 500 CALL @1.05 CBOE,-0.02,-0.65,105.00,"215,884.09"
4/25/24,10:40:35,TRD,1000430191282,SOLD -2 SPY 100 25 APR 24 500 CALL @1.05 CBOE,-0.02,-1.30,210.00,"216,092.77"
4/25/24,10:40:35,TRD,1000430191282,SOLD -17 SPY 100 25 APR 24 500 CALL @1.05 CBOE,-0.26,-11.05,"1,785.00","217,866.46"
4/25/24,10:40:35,TRD,1000430191282,SOLD -7 SPY 100 25 APR 24 500 CALL @1.05 CBOE,-0.10,-4.55,735.00,"218,596.81"
4/25/24,10:41:17,TRD,1000430191291,BOT +39 SPY 100 25 APR 24 498 PUT @1.23,-0.43,-25.35,"-4,797.00","213,774.03"
4/25/24,10:43:08,TRD,1000430191319,SOLD -39 SPY 100 25 APR 24 498 PUT @1.23 CBOE,-0.58,-25.35,"4,797.00","218,545.10"
4/25/24,10:43:25,TRD,1000430191323,BOT +19 SPY 100 25 APR 24 498 PUT @1.17 CBOE,-0.21,-12.35,"-2,223.00","216,309.54"
4/25/24,10:43:25,TRD,1000430191323,BOT +9 SPY 100 25 APR 24 498 PUT @1.17 CBOE,-0.10,-5.85,"-1,053.00","215,250.59"
4/25/24,10:43:25,TRD,1000430191323,BOT +7 SPY 100 25 APR 24 498 PUT @1.17 CBOE,-0.07,-4.55,-819.00,"214,426.97"
4/25/24,10:43:25,TRD,1000430191323,BOT +4 SPY 100 25 APR 24 498 PUT @1.17 CBOE,-0.05,-2.60,-468.00,"213,956.32"
4/25/24,10:44:13,TRD,1000430191330,SOLD -2 SPY 100 25 APR 24 498 PUT @1.13,-0.03,-1.30,226.00,"214,180.99"
4/25/24,10:44:13,TRD,1000430191330,SOLD -37 SPY 100 25 APR 24 498 PUT @1.14,-0.55,-24.05,"4,218.00","218,374.39"
4/25/24,10:46:02,TRD,1000430191357,BOT +8 SPY 100 25 APR 24 500 CALL @1.04 CBOE,-0.09,-5.20,-832.00,"217,537.10"
4/25/24,10:46:02,TRD,1000430191357,BOT +5 SPY 100 25 APR 24 500 CALL @1.04 CBOE,-0.05,-3.25,-520.00,"217,013.80"
4/25/24,10:46:02,TRD,1000430191357,BOT +8 SPY 100 25 APR 24 500 CALL @1.04 CBOE,-0.09,-5.20,-832.00,"216,176.51"
4/25/24,10:46:02,TRD,1000430191357,BOT +8 SPY 100 25 APR 24 500 CALL @1.04 CBOE,-0.09,-5.20,-832.00,"215,339.22"
4/25/24,10:46:02,TRD,1000430191357,BOT +8 SPY 100 25 APR 24 500 CALL @1.04 CBOE,-0.09,-5.20,-832.00,"214,501.93"
4/25/24,10:46:02,TRD,1000430191357,BOT +2 SPY 100 25 APR 24 500 CALL @1.03 CBOE,-0.02,-1.30,-206.00,"214,294.61"
4/25/24,10:46:15,TRD,1000430191362,SOLD -39 SPY 100 25 APR 24 500 CALL @.98 CBOE,-0.57,-25.35,"3,822.00","218,090.69"
4/25/24,10:48:48,TRD,1000430191379,BOT +6 SPY 100 25 APR 24 498 PUT @1.20 CBOE,-0.07,-3.90,-720.00,"217,366.72"
4/25/24,10:48:48,TRD,1000430191379,BOT +33 SPY 100 25 APR 24 498 PUT @1.20 CBOE,-0.36,-21.45,"-3,960.00","213,384.91"
4/25/24,10:49:59,TRD,1000430191389,SOLD -16 SPY 100 25 APR 24 498 PUT @1.28,-0.24,-10.40,"2,048.00","215,422.27"
4/25/24,10:49:59,TRD,1000430191389,SOLD -1 SPY 100 25 APR 24 498 PUT @1.28,-0.02,-0.65,128.00,"215,549.60"
4/25/24,10:49:59,TRD,1000430191389,SOLD -22 SPY 100 25 APR 24 498 PUT @1.29,-0.32,-14.30,"2,838.00","218,372.98"
4/25/24,10:50:13,TRD,1000430191392,BOT +8 SPY 100 25 APR 24 498 PUT @1.17 CBOE,-0.09,-5.20,-936.00,"217,431.69"
4/25/24,10:50:13,TRD,1000430191392,BOT +5 SPY 100 25 APR 24 498 PUT @1.17 CBOE,-0.05,-3.25,-585.00,"216,843.39"
4/25/24,10:50:13,TRD,1000430191392,BOT +26 SPY 100 25 APR 24 498 PUT @1.16 CBOE,-0.29,-16.90,"-3,016.00","213,810.20"
4/25/24,10:50:40,TRD,1000430191397,SOLD -39 SPY 100 25 APR 24 498 PUT @1.20,-0.58,-25.35,"4,680.00","218,464.27"
4/25/24,10:52:08,TRD,1000430191421,BOT +31 SPY 100 25 APR 24 498 PUT @1.24 CBOE,-0.34,-20.15,"-3,844.00","214,599.78"
4/25/24,10:52:08,TRD,1000430191421,BOT +8 SPY 100 25 APR 24 498 PUT @1.24 CBOE,-0.09,-5.20,-992.00,"213,602.49"
4/25/24,10:52:33,TRD,1000430191429,SOLD -39 SPY 100 25 APR 24 498 PUT @1.31 CBOE,-0.58,-25.35,"5,109.00","218,685.56"
4/25/24,10:53:13,TRD,1000430191448,BOT +39 SPY 100 25 APR 24 499 CALL @1.20 CBOE,-0.43,-25.35,"-4,680.00","213,979.78"
4/25/24,10:54:05,TRD,1000430191459,SOLD -5 SPY 100 25 APR 24 499 CALL @1.14 CBOE,-0.06,-3.25,570.00,"214,546.47"
4/25/24,10:54:05,TRD,1000430191459,SOLD -8 SPY 100 25 APR 24 499 CALL @1.14 CBOE,-0.13,-5.20,912.00,"215,453.14"
4/25/24,10:54:06,TRD,1000430191459,SOLD -26 SPY 100 25 APR 24 499 CALL @1.15 CBOE,-0.39,-16.90,"2,990.00","218,425.85"
4/25/24,10:55:01,TRD,1000430191466,BOT +39 SPY 100 25 APR 24 498 PUT @1.38,-0.43,-25.35,"-5,382.00","213,018.07"
4/25/24,10:55:52,TRD,1000430191477,SOLD -39 SPY 100 25 APR 24 498 PUT @1.38 CBOE,-0.58,-25.35,"5,382.00","218,374.14"
4/25/24,11:01:45,TRD,1000430191556,BOT +6 SPY 100 25 APR 24 499 CALL @1.41,-0.07,-3.90,-846.00,"217,524.17"
4/25/24,11:01:45,TRD,1000430191556,BOT +3 SPY 100 25 APR 24 499 CALL @1.41,-0.03,-1.95,-423.00,"217,099.19"
4/25/24,11:01:46,TRD,1000430191556,BOT +15 SPY 100 25 APR 24 499 CALL @1.42,-0.16,-9.75,"-2,130.00","214,959.28"
4/25/24,11:01:46,TRD,1000430191556,BOT +7 SPY 100 25 APR 24 499 CALL @1.42,-0.08,-4.55,-994.00,"213,960.65"
4/25/24,11:01:46,TRD,1000430191556,BOT +5 SPY 100 25 APR 24 499 CALL @1.42,-0.06,-3.25,-710.00,"213,247.34"
4/25/24,11:01:46,TRD,1000430191556,BOT +3 SPY 100 25 APR 24 499 CALL @1.42,-0.03,-1.95,-426.00,"212,819.36"
4/25/24,11:03:03,TRD,1000430191573,SOLD -39 SPY 100 25 APR 24 499 CALL @1.44 CBOE,-0.58,-25.35,"5,616.00","218,409.43"
4/25/24,11:03:15,TRD,1000430191576,BOT +39 SPY 100 25 APR 24 499 CALL @1.50,-0.43,-25.35,"-5,850.00","212,533.65"
4/25/24,11:04:39,TRD,1000430191586,SOLD -15 SPY 100 25 APR 24 499 CALL @1.52,-0.22,-9.75,"2,280.00","214,803.68"
4/25/24,11:04:39,TRD,1000430191586,SOLD -7 SPY 100 25 APR 24 499 CALL @1.52,-0.11,-4.55,"1,064.00","215,863.02"
4/25/24,11:04:39,TRD,1000430191586,SOLD -7 SPY 100 25 APR 24 499 CALL @1.52,-0.11,-4.55,"1,064.00","216,922.36"
4/25/24,11:04:39,TRD,1000430191586,SOLD -7 SPY 100 25 APR 24 499 CALL @1.52,-0.10,-4.55,"1,064.00","217,981.71"
4/25/24,11:04:39,TRD,1000430191586,SOLD -3 SPY 100 25 APR 24 499 CALL @1.52,-0.05,-1.95,456.00,"218,435.71"
4/25/24,11:04:52,TRD,1000430191590,BOT +15 SPY 100 25 APR 24 499 CALL @1.48 CBOE,-0.16,-9.75,"-2,220.00","216,205.80"
4/25/24,11:04:52,TRD,1000430191590,BOT +24 SPY 100 25 APR 24 499 CALL @1.49 CBOE,-0.27,-15.60,"-3,576.00","212,613.93"
4/25/24,11:05:09,TRD,1000430191593,SOLD -39 SPY 100 25 APR 24 499 CALL @1.45,-0.59,-25.35,"5,655.00","218,242.99"
4/25/24,11:05:27,TRD,1000430191601,BOT +39 SPY 100 25 APR 24 498 PUT @1.12 CBOE,-0.43,-25.35,"-4,368.00","213,849.21"
4/25/24,11:06:22,TRD,1000430191622,SOLD -39 SPY 100 25 APR 24 498 PUT @1.07,-0.57,-25.35,"4,173.00","217,996.29"
4/25/24,11:07:11,TRD,1000430191632,BOT +8 SPY 100 25 APR 24 500 CALL @1.04 CBOE,-0.09,-5.20,-832.00,"217,159.00"
4/25/24,11:07:11,TRD,1000430191632,BOT +31 SPY 100 25 APR 24 500 CALL @1.04 CBOE,-0.34,-20.15,"-3,224.00","213,914.51"
4/25/24,11:07:36,TRD,1000430191636,SOLD -39 SPY 100 25 APR 24 500 CALL @1.06 NASDAQ,-0.57,-25.35,"4,134.00","218,022.59"
4/25/24,11:08:16,TRD,1000430191640,BOT +5 SPY 100 25 APR 24 500 CALL @1.04 CBOE,-0.05,-3.25,-520.00,"217,499.29"
4/25/24,11:08:16,TRD,1000430191640,BOT +8 SPY 100 25 APR 24 500 CALL @1.04 CBOE,-0.09,-5.20,-832.00,"216,662.00"
4/25/24,11:08:16,TRD,1000430191640,BOT +15 SPY 100 25 APR 24 500 CALL @1.04 CBOE,-0.17,-9.75,"-1,560.00","215,092.08"
4/25/24,11:08:16,TRD,1000430191640,BOT +11 SPY 100 25 APR 24 500 CALL @1.04 CBOE,-0.12,-7.15,"-1,144.00","213,940.81"
4/25/24,11:08:47,TRD,1000430191644,SOLD -1 SPY 100 25 APR 24 500 CALL @1.04 CBOE,-0.01,-0.65,104.00,"214,044.15"
4/25/24,11:08:47,TRD,1000430191644,SOLD -38 SPY 100 25 APR 24 500 CALL @1.04 CBOE,-0.56,-24.70,"3,952.00","217,970.89"
4/25/24,11:10:12,TRD,1000430191655,BOT +39 SPY 100 25 APR 24 500 CALL @1.07,-0.43,-25.35,"-4,173.00","213,772.11"
4/25/24,11:11:12,TRD,1000430191658,SOLD -39 SPY 100 25 APR 24 500 CALL @1.10 CBOE,-0.57,-25.35,"4,290.00","218,036.19"
4/25/24,11:11:29,TRD,1000430191660,BOT +39 SPY 100 25 APR 24 500 CALL @1.08,-0.43,-25.35,"-4,212.00","213,798.41"
4/25/24,11:12:38,TRD,1000430191676,SOLD -31 SPY 100 25 APR 24 500 CALL @1.08 CBOE,-0.46,-20.15,"3,348.00","217,125.80"
4/25/24,11:12:38,TRD,1000430191676,SOLD -8 SPY 100 25 APR 24 500 CALL @1.08 CBOE,-0.11,-5.20,864.00,"217,984.49"
4/25/24,11:13:04,TRD,1000430191682,BOT +39 SPY 100 25 APR 24 500 CALL @1.10 CBOE,-0.43,-25.35,"-4,290.00","213,668.71"
4/25/24,11:13:24,TRD,1000430191690,SOLD -39 SPY 100 25 APR 24 500 CALL @1.11 CBOE,-0.57,-25.35,"4,329.00","217,971.79"
4/25/24,11:14:28,TRD,1000430191704,BOT +24 SPY 100 25 APR 24 499 PUT @1.41 BOX,-0.26,-15.60,"-3,384.00","214,571.93"
4/25/24,11:14:28,TRD,1000430191704,BOT +15 SPY 100 25 APR 24 499 PUT @1.40,-0.17,-9.75,"-2,100.00","212,462.01"
4/25/24,11:15:21,TRD,1000430191712,SOLD -6 SPY 100 25 APR 24 499 PUT @1.37 CBOE,-0.10,-3.90,822.00,"213,280.01"
4/25/24,11:15:21,TRD,1000430191712,SOLD -9 SPY 100 25 APR 24 499 PUT @1.37 CBOE,-0.12,-5.85,"1,233.00","214,507.04"
4/25/24,11:15:21,TRD,1000430191712,SOLD -8 SPY 100 25 APR 24 499 PUT @1.37 CBOE,-0.12,-5.20,"1,096.00","215,597.72"
4/25/24,11:15:21,TRD,1000430191712,SOLD -5 SPY 100 25 APR 24 499 PUT @1.37 CBOE,-0.08,-3.25,685.00,"216,279.39"
4/25/24,11:15:21,TRD,1000430191712,SOLD -11 SPY 100 25 APR 24 499 PUT @1.37 CBOE,-0.16,-7.15,"1,507.00","217,779.08"
4/25/24,11:16:18,TRD,1000430191731,BOT +5 SPY 100 25 APR 24 499 PUT @1.52 CBOE,-0.05,-3.25,-760.00,"217,015.78"
4/25/24,11:16:18,TRD,1000430191731,BOT +8 SPY 100 25 APR 24 499 PUT @1.52 CBOE,-0.09,-5.20,"-1,216.00","215,794.49"
4/25/24,11:16:19,TRD,1000430191731,BOT +10 SPY 100 25 APR 24 499 PUT @1.53 CBOE,-0.11,-6.50,"-1,530.00","214,257.88"
4/25/24,11:16:19,TRD,1000430191731,BOT +8 SPY 100 25 APR 24 499 PUT @1.53 CBOE,-0.09,-5.20,"-1,224.00","213,028.59"
4/25/24,11:16:19,TRD,1000430191731,BOT +8 SPY 100 25 APR 24 499 PUT @1.53 CBOE,-0.09,-5.20,"-1,224.00","211,799.30"
4/25/24,11:18:23,TRD,1000430191757,SOLD -5 SPY 100 25 APR 24 499 PUT @1.50 CBOE,-0.07,-3.25,750.00,"212,545.98"
4/25/24,11:18:23,TRD,1000430191757,SOLD -8 SPY 100 25 APR 24 499 PUT @1.50 CBOE,-0.13,-5.20,"1,200.00","213,740.65"
4/25/24,11:18:23,TRD,1000430191757,SOLD -5 SPY 100 25 APR 24 499 PUT @1.50 CBOE,-0.07,-3.25,750.00,"214,487.33"
4/25/24,11:18:23,TRD,1000430191757,SOLD -13 SPY 100 25 APR 24 499 PUT @1.50 CBOE,-0.20,-8.45,"1,950.00","216,428.68"
4/25/24,11:18:23,TRD,1000430191757,SOLD -8 SPY 100 25 APR 24 499 PUT @1.50 CBOE,-0.12,-5.20,"1,200.00","217,623.36"
4/25/24,11:18:55,TRD,1000430191762,BOT +21 SPY 100 25 APR 24 499 PUT @1.54 BOX,-0.23,-13.65,"-3,234.00","214,375.48"
4/25/24,11:18:55,TRD,1000430191762,BOT +18 SPY 100 25 APR 24 499 PUT @1.53 CBOE,-0.20,-11.70,"-2,754.00","211,609.58"
4/25/24,11:20:10,TRD,1000430191782,SOLD -39 SPY 100 25 APR 24 499 PUT @1.35 CBOE,-0.58,-25.35,"5,265.00","216,848.65"
4/25/24,11:21:06,TRD,1000430191805,BOT +34 SPY 100 25 APR 24 500 CALL @1.06 CBOE,-0.37,-22.10,"-3,604.00","213,222.18"
4/25/24,11:21:06,TRD,1000430191805,BOT +5 SPY 100 25 APR 24 500 CALL @1.06 CBOE,-0.06,-3.25,-530.00,"212,688.87"
4/25/24,11:21:27,TRD,1000430191809,SOLD -28 SPY 100 25 APR 24 500 CALL @1.11 CBOE,-0.41,-18.20,"3,108.00","215,778.26"
4/25/24,11:21:27,TRD,1000430191809,SOLD -5 SPY 100 25 APR 24 500 CALL @1.11 CBOE,-0.07,-3.25,555.00,"216,329.94"
4/25/24,11:21:27,TRD,1000430191809,SOLD -6 SPY 100 25 APR 24 500 CALL @1.11 CBOE,-0.09,-3.90,666.00,"216,991.95"
4/25/24,11:22:08,TRD,1000430191813,BOT +39 SPY 100 25 APR 24 499 PUT @1.48,-0.43,-25.35,"-5,772.00","211,194.17"
4/25/24,11:23:41,TRD,1000430191839,SOLD -39 SPY 100 25 APR 24 499 PUT @1.28 CBOE,-0.58,-25.35,"4,992.00","216,160.24"
4/25/24,11:24:06,TRD,1000430191845,BOT +24 SPY 100 25 APR 24 500 CALL @1.17 CBOE,-0.26,-15.60,"-2,808.00","213,336.38"
4/25/24,11:24:06,TRD,1000430191845,BOT +9 SPY 100 25 APR 24 500 CALL @1.17 CBOE,-0.10,-5.85,"-1,053.00","212,277.43"
4/25/24,11:24:06,TRD,1000430191845,BOT +6 SPY 100 25 APR 24 500 CALL @1.17 CBOE,-0.07,-3.90,-702.00,"211,571.46"
4/25/24,11:24:36,TRD,1000430191855,SOLD -39 SPY 100 25 APR 24 500 CALL @1.19,-0.58,-25.35,"4,641.00","216,186.53"
4/25/24,11:24:50,TRD,1000430191860,BOT +39 SPY 100 25 APR 24 500 CALL @1.18 CBOE,-0.43,-25.35,"-4,602.00","211,558.75"
4/25/24,11:25:12,TRD,1000430191867,SOLD -22 SPY 100 25 APR 24 500 CALL @1.11 CBOE,-0.32,-14.30,"2,442.00","213,986.13"
4/25/24,11:25:12,TRD,1000430191867,SOLD -8 SPY 100 25 APR 24 500 CALL @1.11 CBOE,-0.12,-5.20,888.00,"214,868.81"
4/25/24,11:25:12,TRD,1000430191867,SOLD -5 SPY 100 25 APR 24 500 CALL @1.11 CBOE,-0.07,-3.25,555.00,"215,420.49"
4/25/24,11:25:12,TRD,1000430191867,SOLD -4 SPY 100 25 APR 24 500 CALL @1.11 CBOE,-0.06,-2.60,444.00,"215,861.83"
4/25/24,11:25:39,TRD,1000430191869,BOT +15 SPY 100 25 APR 24 500 CALL @1.14 CBOE,-0.16,-9.75,"-1,710.00","214,141.92"
4/25/24,11:25:39,TRD,1000430191869,BOT +9 SPY 100 25 APR 24 500 CALL @1.14 CBOE,-0.10,-5.85,"-1,026.00","213,109.97"
4/25/24,11:25:39,TRD,1000430191869,BOT +5 SPY 100 25 APR 24 500 CALL @1.14 CBOE,-0.06,-3.25,-570.00,"212,536.66"
4/25/24,11:25:39,TRD,1000430191869,BOT +5 SPY 100 25 APR 24 500 CALL @1.14 CBOE,-0.05,-3.25,-570.00,"211,963.36"
4/25/24,11:25:39,TRD,1000430191869,BOT +2 SPY 100 25 APR 24 500 CALL @1.14 CBOE,-0.03,-1.30,-228.00,"211,734.03"
4/25/24,11:25:39,TRD,1000430191869,BOT +1 SPY 100 25 APR 24 500 CALL @1.14 CBOE,-0.01,-0.65,-114.00,"211,619.37"
4/25/24,11:25:39,TRD,1000430191869,BOT +1 SPY 100 25 APR 24 500 CALL @1.14 CBOE,-0.01,-0.65,-114.00,"211,504.71"
4/25/24,11:25:39,TRD,1000430191869,BOT +1 SPY 100 25 APR 24 500 CALL @1.14 CBOE,-0.01,-0.65,-114.00,"211,390.05"
4/25/24,11:26:44,TRD,1000430191872,SOLD -39 SPY 100 25 APR 24 500 CALL @1.19,-0.58,-25.35,"4,641.00","216,005.12"
4/25/24,11:27:39,TRD,1000430191889,BOT +34 SPY 100 25 APR 24 500 CALL @1.16 CBOE,-0.37,-22.10,"-3,944.00","212,038.65"
4/25/24,11:27:39,TRD,1000430191889,BOT +5 SPY 100 25 APR 24 500 CALL @1.16 CBOE,-0.06,-3.25,-580.00,"211,455.34"
4/25/24,11:28:37,TRD,1000430191920,SOLD -5 SPY 100 25 APR 24 500 CALL @1.26 CBOE,-0.07,-3.25,630.00,"212,082.02"
4/25/24,11:28:37,TRD,1000430191920,SOLD -20 SPY 100 25 APR 24 500 CALL @1.26 CBOE,-0.30,-13.00,"2,520.00","214,588.72"
4/25/24,11:28:37,TRD,1000430191920,SOLD -8 SPY 100 25 APR 24 500 CALL @1.26 CBOE,-0.11,-5.20,"1,008.00","215,591.41"
4/25/24,11:28:37,TRD,1000430191920,SOLD -5 SPY 100 25 APR 24 500 CALL @1.26 CBOE,-0.09,-3.25,630.00,"216,218.07"
4/25/24,11:28:37,TRD,1000430191920,SOLD -1 SPY 100 25 APR 24 500 CALL @1.27 CBOE,-0.01,-0.65,127.00,"216,344.41"
4/25/24,11:30:30,TRD,1000430191959,BOT +4 SPY 100 25 APR 24 500 CALL @1.27 CBOE,-0.04,-2.60,-508.00,"215,833.77"
4/25/24,11:30:30,TRD,1000430191959,BOT +27 SPY 100 25 APR 24 500 CALL @1.27 CBOE,-0.30,-17.55,"-3,429.00","212,386.92"
4/25/24,11:30:30,TRD,1000430191959,BOT +5 SPY 100 25 APR 24 500 CALL @1.27 CBOE,-0.06,-3.25,-635.00,"211,748.61"
4/25/24,11:30:30,TRD,1000430191959,BOT +3 SPY 100 25 APR 24 500 CALL @1.27 CBOE,-0.03,-1.95,-381.00,"211,365.63"
4/25/24,11:31:04,TRD,1000430191967,SOLD -39 SPY 100 25 APR 24 500 CALL @1.16,-0.58,-25.35,"4,524.00","215,863.70"
4/25/24,11:32:02,TRD,1000430191977,BOT +5 SPY 100 25 APR 24 499 PUT @1.23,-0.05,-3.25,-615.00,"215,245.40"
4/25/24,11:32:02,TRD,1000430191977,BOT +28 SPY 100 25 APR 24 499 PUT @1.23 ISE,-0.31,-18.20,"-3,444.00","211,782.89"
4/25/24,11:32:02,TRD,1000430191977,BOT +6 SPY 100 25 APR 24 499 PUT @1.23 ISE,-0.07,-3.90,-738.00,"211,040.92"
4/25/24,11:32:34,TRD,1000430191990,SOLD -3 SPY 100 25 APR 24 499 PUT @1.26 CBOE,-0.04,-1.95,378.00,"211,416.93"
4/25/24,11:32:34,TRD,1000430191990,SOLD -36 SPY 100 25 APR 24 499 PUT @1.26 CBOE,-0.54,-23.40,"4,536.00","215,928.99"
4/25/24,11:33:03,TRD,1000431140001,BOT +39 SPY 100 25 APR 24 499 PUT @1.32,-0.43,-25.35,"-5,148.00","210,755.21"
4/25/24,11:33:21,TRD,1000431140008,SOLD -39 SPY 100 25 APR 24 499 PUT @1.42 CBOE,-0.58,-25.35,"5,538.00","216,267.28"
4/25/24,11:35:21,TRD,1000431140032,BOT +39 SPY 100 25 APR 24 500 CALL @1.12,-0.43,-25.35,"-4,368.00","211,873.50"
4/25/24,11:36:05,TRD,1000431140039,SOLD -39 SPY 100 25 APR 24 500 CALL @1.15 CBOE,-0.58,-25.35,"4,485.00","216,332.57"
4/25/24,11:37:03,TRD,1000431140051,BOT +26 SPY 100 25 APR 24 500 CALL @1.19 CBOE,-0.29,-16.90,"-3,094.00","213,221.38"
4/25/24,11:37:03,TRD,1000431140051,BOT +1 SPY 100 25 APR 24 500 CALL @1.19 CBOE,-0.01,-0.65,-119.00,"213,101.72"
4/25/24,11:37:03,TRD,1000431140051,BOT +5 SPY 100 25 APR 24 500 CALL @1.19 CBOE,-0.05,-3.25,-595.00,"212,503.42"
4/25/24,11:37:03,TRD,1000431140051,BOT +7 SPY 100 25 APR 24 500 CALL @1.19 CBOE,-0.08,-4.55,-833.00,"211,665.79"
4/25/24,11:37:24,TRD,1000431140059,SOLD -39 SPY 100 25 APR 24 500 CALL @1.20 CBOE,-0.58,-25.35,"4,680.00","216,319.86"
4/25/24,11:38:16,TRD,1000431140072,BOT +39 SPY 100 25 APR 24 500 CALL @1.17,-0.43,-25.35,"-4,563.00","211,731.08"
4/25/24,11:39:11,TRD,1000431140086,SOLD -35 SPY 100 25 APR 24 500 CALL @1.19 CBOE,-0.51,-22.75,"4,165.00","215,872.82"
4/25/24,11:39:11,TRD,1000431140086,SOLD -4 SPY 100 25 APR 24 500 CALL @1.19 CBOE,-0.07,-2.60,476.00,"216,346.15"
4/25/24,11:43:03,TRD,1000431140111,BOT +21 SPY 100 25 APR 24 500 CALL @1.22,-0.23,-13.65,"-2,562.00","213,770.27"
4/25/24,11:43:03,TRD,1000431140111,BOT +18 SPY 100 25 APR 24 500 CALL @1.22,-0.20,-11.70,"-2,196.00","211,562.37"
4/25/24,11:44:07,TRD,1000431140122,SOLD -1 SPY 100 25 APR 24 500 CALL @1.18 CBOE,-0.01,-0.65,118.00,"211,679.71"
4/25/24,11:44:07,TRD,1000431140122,SOLD -1 SPY 100 25 APR 24 500 CALL @1.18 CBOE,-0.02,-0.65,118.00,"211,797.04"
4/25/24,11:44:07,TRD,1000431140122,SOLD -11 SPY 100 25 APR 24 500 CALL @1.18 CBOE,-0.16,-7.15,"1,298.00","213,087.73"
4/25/24,11:44:07,TRD,1000431140122,SOLD -5 SPY 100 25 APR 24 500 CALL @1.18 CBOE,-0.08,-3.25,590.00,"213,674.40"
4/25/24,11:44:07,TRD,1000431140122,SOLD -16 SPY 100 25 APR 24 500 CALL @1.18 CBOE,-0.22,-10.40,"1,888.00","215,551.78"
4/25/24,11:44:08,TRD,1000431140122,SOLD -5 SPY 100 25 APR 24 500 CALL @1.18 CBOE,-0.09,-3.25,590.00,"216,138.44"
4/25/24,11:44:34,TRD,1000431140126,BOT +39 SPY 100 25 APR 24 499 PUT @1.18 CBOE,-0.43,-25.35,"-4,602.00","211,510.66"
4/25/24,11:46:19,TRD,1000431140138,SOLD -39 SPY 100 25 APR 24 499 PUT @1.19 CBOE,-0.58,-25.35,"4,641.00","216,125.73"
4/25/24,11:46:50,TRD,1000431140143,BOT +39 SPY 100 25 APR 24 499 PUT @1.27 CBOE,-0.43,-25.35,"-4,953.00","211,146.95"
4/25/24,11:47:58,TRD,1000431140166,SOLD -5 SPY 100 25 APR 24 499 PUT @1.17 CBOE,-0.06,-3.25,585.00,"211,728.64"
4/25/24,11:47:58,TRD,1000431140166,SOLD -1 SPY 100 25 APR 24 499 PUT @1.17 CBOE,-0.04,-0.65,117.00,"211,844.95"
4/25/24,11:47:58,TRD,1000431140166,SOLD -13 SPY 100 25 APR 24 499 PUT @1.17 CBOE,-0.18,-8.45,"1,521.00","213,357.32"
4/25/24,11:47:58,TRD,1000431140166,SOLD -5 SPY 100 25 APR 24 499 PUT @1.17 CBOE,-0.07,-3.25,585.00,"213,939.00"
4/25/24,11:47:58,TRD,1000431140166,SOLD -15 SPY 100 25 APR 24 499 PUT @1.18 CBOE,-0.23,-9.75,"1,770.00","215,699.02"
4/25/24,11:49:44,TRD,1000431140195,BOT +30 SPY 100 25 APR 24 499 PUT @1.24 BATS,-0.33,-19.50,"-3,720.00","211,959.19"
4/25/24,11:49:44,TRD,1000431140195,BOT +9 SPY 100 25 APR 24 499 PUT @1.23,-0.10,-5.85,"-1,107.00","210,846.24"
4/25/24,11:50:09,TRD,1000431140198,SOLD -1 SPY 100 25 APR 24 499 PUT @1.27 CBOE,-0.01,-0.65,127.00,"210,972.58"
4/25/24,11:50:09,TRD,1000431140198,SOLD -28 SPY 100 25 APR 24 499 PUT @1.27 CBOE,-0.42,-18.20,"3,556.00","214,509.96"
4/25/24,11:50:09,TRD,1000431140198,SOLD -4 SPY 100 25 APR 24 499 PUT @1.27 CBOE,-0.05,-2.60,508.00,"215,015.31"
4/25/24,11:50:09,TRD,1000431140198,SOLD -1 SPY 100 25 APR 24 499 PUT @1.27 CBOE,-0.01,-0.65,127.00,"215,141.65"
4/25/24,11:50:09,TRD,1000431140198,SOLD -5 SPY 100 25 APR 24 499 PUT @1.27 CBOE,-0.09,-3.25,635.00,"215,773.31"
4/25/24,11:50:56,TRD,1000431140210,BOT +39 SPY 100 25 APR 24 499 PUT @1.21 CBOE,-0.43,-25.35,"-4,719.00","211,028.53"
4/25/24,11:51:55,TRD,1000431140238,BOT +13 SPY 100 25 APR 24 499 PUT @1.07 CBOE,-0.14,-8.45,"-1,391.00","209,628.94"
4/25/24,11:51:55,TRD,1000431140238,BOT +20 SPY 100 25 APR 24 499 PUT @1.07 CBOE,-0.22,-13.00,"-2,140.00","207,475.72"
4/25/24,11:51:55,TRD,1000431140238,BOT +6 SPY 100 25 APR 24 499 PUT @1.07 CBOE,-0.07,-3.90,-642.00,"206,829.75"
4/25/24,11:52:02,TRD,1000431140248,SOLD -39 SPY 100 25 APR 24 499 PUT @1.07 CBOE,-0.57,-25.35,"4,173.00","210,976.83"
4/25/24,11:52:05,TRD,1000431140250,SOLD -39 SPY 100 25 APR 24 499 PUT @1.08,-0.57,-25.35,"4,212.00","215,162.91"
4/25/24,11:52:14,TRD,1000431140257,BOT +5 SPY 100 25 APR 24 499 PUT @1.11 CBOE,-0.05,-3.25,-555.00,"214,604.61"
4/25/24,11:52:14,TRD,1000431140257,BOT +25 SPY 100 25 APR 24 499 PUT @1.11 CBOE,-0.28,-16.25,"-2,775.00","211,813.08"
4/25/24,11:52:14,TRD,1000431140257,BOT +5 SPY 100 25 APR 24 499 PUT @1.11 CBOE,-0.05,-3.25,-555.00,"211,254.78"
4/25/24,11:52:14,TRD,1000431140257,BOT +4 SPY 100 25 APR 24 499 PUT @1.11 CBOE,-0.05,-2.60,-444.00,"210,808.13"
4/25/24,11:52:29,TRD,1000431140264,SOLD -39 SPY 100 25 APR 24 499 PUT @1.13,-0.58,-25.35,"4,407.00","215,189.20"
4/25/24,11:53:05,TRD,1000431140277,BOT +39 SPY 100 25 APR 24 500 CALL @1.09 CBOE,-0.43,-25.35,"-4,251.00","210,912.42"
4/25/24,11:53:30,TRD,1000431140290,SOLD -39 SPY 100 25 APR 24 500 CALL @1.12 CBOE,-0.57,-25.35,"4,368.00","215,254.50"
4/25/24,11:54:30,TRD,1000431140333,BOT +39 SPY 100 25 APR 24 499 PUT @1.06 CBOE,-0.43,-25.35,"-4,134.00","211,094.72"
4/25/24,11:55:30,TRD,1000431140368,SOLD -1 SPY 100 25 APR 24 499 PUT @1.05 CBOE,-0.01,-0.65,105.00,"211,199.06"
4/25/24,11:55:30,TRD,1000431140368,SOLD -38 SPY 100 25 APR 24 499 PUT @1.04 CBOE,-0.56,-24.70,"3,952.00","215,125.80"
4/25/24,11:58:26,TRD,1000431140432,BOT +4 SPY 100 25 APR 24 500 CALL @1.39 BOX,-0.04,-2.60,-556.00,"214,567.16"
4/25/24,11:58:26,TRD,1000431140432,BOT +35 SPY 100 25 APR 24 500 CALL @1.38 BATS,-0.39,-22.75,"-4,830.00","209,714.02"
4/25/24,11:59:03,TRD,1000431140445,SOLD -3 SPY 100 25 APR 24 500 CALL @1.40 CBOE,-0.04,-1.95,420.00,"210,132.03"
4/25/24,11:59:03,TRD,1000431140445,SOLD -1 SPY 100 25 APR 24 500 CALL @1.40 CBOE,-0.01,-0.65,140.00,"210,271.37"
4/25/24,11:59:03,TRD,1000431140445,SOLD -3 SPY 100 25 APR 24 500 CALL @1.40 CBOE,-0.06,-1.95,420.00,"210,689.36"
4/25/24,11:59:03,TRD,1000431140445,SOLD -1 SPY 100 25 APR 24 500 CALL @1.40 CBOE,-0.01,-0.65,140.00,"210,828.70"
4/25/24,11:59:03,TRD,1000431140445,SOLD -1 SPY 100 25 APR 24 500 CALL @1.40 CBOE,-0.02,-0.65,140.00,"210,968.03"
4/25/24,11:59:03,TRD,1000431140445,SOLD -25 SPY 100 25 APR 24 500 CALL @1.40 CBOE,-0.36,-16.25,"3,500.00","214,451.42"
4/25/24,11:59:03,TRD,1000431140445,SOLD -4 SPY 100 25 APR 24 500 CALL @1.40 CBOE,-0.07,-2.60,560.00,"215,008.75"
4/25/24,11:59:03,TRD,1000431140445,SOLD -1 SPY 100 25 APR 24 500 CALL @1.40 CBOE,-0.01,-0.65,140.00,"215,148.09"
4/25/24,11:59:53,TRD,1000431140468,BOT +39 SPY 100 25 APR 24 500 CALL @1.50 BOX,-0.43,-25.35,"-5,850.00","209,272.31"
4/25/24,12:00:03,TRD,1000431140481,SOLD -39 SPY 100 25 APR 24 500 CALL @1.48 CBOE,-0.59,-25.35,"5,772.00","215,018.37"
4/25/24,12:00:19,TRD,1000431140488,BOT +39 SPY 100 25 APR 24 500 CALL @1.52 CBOE,-0.43,-25.35,"-5,928.00","209,064.59"
4/25/24,12:01:07,TRD,1000431140505,SOLD -39 SPY 100 25 APR 24 500 CALL @1.42,-0.58,-25.35,"5,538.00","214,576.66"
4/25/24,12:02:15,TRD,1000431140513,BOT +31 SPY 100 25 APR 24 501 CALL @1.07,-0.34,-20.15,"-3,317.00","211,239.17"
4/25/24,12:02:15,TRD,1000431140513,BOT +8 SPY 100 25 APR 24 501 CALL @1.07,-0.09,-5.20,-856.00,"210,377.88"
4/25/24,12:03:30,TRD,1000431140539,SOLD -13 SPY 100 25 APR 24 501 CALL @1.08,-0.19,-8.45,"1,404.00","211,773.24"
4/25/24,12:03:30,TRD,1000431140539,SOLD -6 SPY 100 25 APR 24 501 CALL @1.08,-0.09,-3.90,648.00,"212,417.25"
4/25/24,12:03:30,TRD,1000431140539,SOLD -20 SPY 100 25 APR 24 501 CALL @1.08,-0.29,-13.00,"2,160.00","214,563.96"
4/25/24,12:04:10,TRD,1000431140542,BOT +34 SPY 100 25 APR 24 501 CALL @1.11 CBOE,-0.37,-22.10,"-3,774.00","210,767.49"
4/25/24,12:04:10,TRD,1000431140542,BOT +5 SPY 100 25 APR 24 501 CALL @1.11 CBOE,-0.06,-3.25,-555.00,"210,209.18"
4/25/24,12:08:45,TRD,1000431140650,SOLD -5 SPY 100 25 APR 24 501 CALL @1.23 CBOE,-0.06,-3.25,615.00,"210,820.87"
4/25/24,12:08:45,TRD,1000431140650,SOLD -5 SPY 100 25 APR 24 501 CALL @1.23 CBOE,-0.09,-3.25,615.00,"211,432.53"
4/25/24,12:08:45,TRD,1000431140650,SOLD -29 SPY 100 25 APR 24 501 CALL @1.23 CBOE,-0.43,-18.85,"3,567.00","214,980.25"
4/25/24,12:09:20,TRD,1000431140658,BOT +39 SPY 100 25 APR 24 501 CALL @1.25 BOX,-0.43,-25.35,"-4,875.00","210,079.47"
4/25/24,12:10:07,TRD,1000431140674,BOT +29 SPY 100 25 APR 24 501 CALL @1.22 CBOE,-0.32,-18.85,"-3,538.00","206,522.30"
4/25/24,12:10:07,TRD,1000431140674,BOT +10 SPY 100 25 APR 24 501 CALL @1.22 CBOE,-0.11,-6.50,"-1,220.00","205,295.69"
4/25/24,12:10:20,TRD,1000431140676,SOLD -7 SPY 100 25 APR 24 501 CALL @1.14,-0.11,-4.55,798.00,"206,089.03"
4/25/24,12:10:20,TRD,1000431140676,SOLD -6 SPY 100 25 APR 24 501 CALL @1.14,-0.08,-3.90,684.00,"206,769.05"
4/25/24,12:10:20,TRD,1000431140676,SOLD -17 SPY 100 25 APR 24 501 CALL @1.14,-0.25,-11.05,"1,938.00","208,695.75"
4/25/24,12:10:21,TRD,1000431140676,SOLD -9 SPY 100 25 APR 24 501 CALL @1.14,-0.14,-5.85,"1,026.00","209,715.76"
4/25/24,12:10:24,TRD,1000431140678,SOLD -33 SPY 100 25 APR 24 501 CALL @1.12 CBOE,-0.48,-21.45,"3,696.00","213,389.83"
4/25/24,12:10:24,TRD,1000431140678,SOLD -6 SPY 100 25 APR 24 501 CALL @1.12 CBOE,-0.09,-3.90,672.00,"214,057.84"
4/25/24,12:10:40,TRD,1000431140681,BOT +39 SPY 100 25 APR 24 500 PUT @1.24 CBOE,-0.43,-25.35,"-4,836.00","209,196.06"
4/25/24,12:10:48,TRD,1000431140683,SOLD -34 SPY 100 25 APR 24 500 PUT @1.30 CBOE,-0.50,-22.10,"4,420.00","213,593.46"
4/25/24,12:10:48,TRD,1000431140683,SOLD -5 SPY 100 25 APR 24 500 PUT @1.30 CBOE,-0.08,-3.25,650.00,"214,240.13"
4/25/24,12:10:58,TRD,1000431140691,BOT +39 SPY 100 25 APR 24 500 PUT @1.34 CBOE,-0.43,-25.35,"-5,226.00","208,988.35"
4/25/24,12:11:02,TRD,1000431140696,SOLD -39 SPY 100 25 APR 24 500 PUT @1.33 CBOE,-0.58,-25.35,"5,187.00","214,149.42"
4/25/24,12:11:09,TRD,1000431140701,BOT +39 SPY 100 25 APR 24 500 PUT @1.35 CBOE,-0.43,-25.35,"-5,265.00","208,858.64"
4/25/24,12:11:25,TRD,1000431140708,SOLD -19 SPY 100 25 APR 24 500 PUT @1.45,-0.28,-12.35,"2,755.00","211,601.01"
4/25/24,12:11:25,TRD,1000431140708,SOLD -20 SPY 100 25 APR 24 500 PUT @1.45,-0.31,-13.00,"2,900.00","214,487.70"
4/25/24,12:11:45,TRD,1000431140715,BOT +39 SPY 100 25 APR 24 500 PUT @1.33 CBOE,-0.43,-25.35,"-5,187.00","209,274.92"
4/25/24,12:12:02,TRD,1000431140720,SOLD -4 SPY 100 25 APR 24 500 PUT @1.24 CBOE,-0.05,-2.60,496.00,"209,768.27"
4/25/24,12:12:03,TRD,1000431140720,SOLD -8 SPY 100 25 APR 24 500 PUT @1.24 CBOE,-0.12,-5.20,992.00,"210,754.95"
4/25/24,12:12:03,TRD,1000431140720,SOLD -27 SPY 100 25 APR 24 500 PUT @1.24 CBOE,-0.41,-17.55,"3,348.00","214,084.99"
4/25/24,12:13:05,TRD,1000431140736,BOT +39 SPY 100 25 APR 24 500 PUT @1.31 CBOE,-0.43,-25.35,"-5,109.00","208,950.21"
4/25/24,12:13:57,TRD,1000431140745,SOLD -19 SPY 100 25 APR 24 500 PUT @1.32 CBOE,-0.28,-12.35,"2,508.00","211,445.58"
4/25/24,12:13:57,TRD,1000431140745,SOLD -20 SPY 100 25 APR 24 500 PUT @1.32 CBOE,-0.30,-13.00,"2,640.00","214,072.28"
4/25/24,12:15:15,TRD,1000431140772,BOT +39 SPY 100 25 APR 24 500 CALL @1.61 CBOE,-0.43,-25.35,"-6,279.00","207,767.50"
4/25/24,12:17:00,TRD,1000431140799,SOLD -39 SPY 100 25 APR 24 500 CALL @1.72 CBOE,-0.59,-25.35,"6,708.00","214,449.56"
4/25/24,12:19:58,TRD,1000431140842,BOT +13 SPY 100 25 APR 24 500 CALL @1.71 CBOE,-0.14,-8.45,"-2,223.00","212,217.97"
4/25/24,12:20:13,TRD,1000431140850,SOLD -13 SPY 100 25 APR 24 500 CALL @1.65 CBOE,-0.20,-8.45,"2,145.00","214,354.32"
4/25/24,12:21:03,TRD,1000431140860,BOT +8 SPY 100 25 APR 24 500 CALL @1.80 CBOE,-0.09,-5.20,"-1,440.00","212,909.03"
4/25/24,12:21:04,TRD,1000431140860,BOT +31 SPY 100 25 APR 24 500 CALL @1.79 CBOE,-0.34,-20.15,"-5,549.00","207,339.54"
4/25/24,12:21:23,TRD,1000431140864,SOLD -32 SPY 100 25 APR 24 500 CALL @2.04 BATS,-0.49,-20.80,"6,528.00","213,846.25"
4/25/24,12:21:23,TRD,1000431140864,SOLD -2 SPY 100 25 APR 24 500 CALL @2.04 BATS,-0.03,-1.30,408.00,"214,252.92"
4/25/24,12:21:23,TRD,1000431140864,SOLD -5 SPY 100 25 APR 24 500 CALL @2.04 BATS,-0.08,-3.25,"1,020.00","215,269.59"
4/25/24,12:23:02,TRD,1000431140901,BOT +15 SPY 100 25 APR 24 500 CALL @1.99 CBOE,-0.16,-9.75,"-2,985.00","212,274.68"
4/25/24,12:23:02,TRD,1000431140901,BOT +16 SPY 100 25 APR 24 500 CALL @1.99 CBOE,-0.18,-10.40,"-3,184.00","209,080.10"
4/25/24,12:23:02,TRD,1000431140901,BOT +8 SPY 100 25 APR 24 500 CALL @1.99 CBOE,-0.09,-5.20,"-1,592.00","207,482.81"
4/25/24,12:23:54,TRD,1000431140923,SOLD -39 SPY 100 25 APR 24 500 CALL @2.07 CBOE,-0.60,-25.35,"8,073.00","215,529.86"
4/25/24,12:25:02,TRD,1000431140940,BOT +39 SPY 100 25 APR 24 501 CALL @1.48 CBOE,-0.43,-25.35,"-5,772.00","209,732.08"
4/25/24,12:26:24,TRD,1000431140955,SOLD -39 SPY 100 25 APR 24 501 CALL @1.55,-0.59,-25.35,"6,045.00","215,751.14"
4/25/24,12:27:07,TRD,1000431140971,BOT +4 SPY 100 25 APR 24 501 CALL @1.55 CBOE,-0.04,-2.60,-620.00,"215,128.50"
4/25/24,12:27:07,TRD,1000431140971,BOT +35 SPY 100 25 APR 24 501 CALL @1.55 CBOE,-0.39,-22.75,"-5,425.00","209,680.36"
4/25/24,12:27:50,TRD,1000431140979,BOT +39 SPY 100 25 APR 24 501 CALL @1.48 CBOE,-0.43,-25.35,"-5,772.00","203,882.58"
4/25/24,12:28:38,TRD,1000431140982,SOLD -18 SPY 100 25 APR 24 501 CALL @1.57 CBOE,-0.27,-11.70,"2,826.00","206,696.61"
4/25/24,12:28:38,TRD,1000431140982,SOLD -21 SPY 100 25 APR 24 501 CALL @1.57 CBOE,-0.32,-13.65,"3,297.00","209,979.64"
4/25/24,12:28:42,TRD,1000431140984,SOLD -15 SPY 100 25 APR 24 501 CALL @1.62 CBOE,-0.22,-9.75,"2,430.00","212,399.67"
4/25/24,12:28:42,TRD,1000431140984,SOLD -8 SPY 100 25 APR 24 501 CALL @1.62 CBOE,-0.12,-5.20,"1,296.00","213,690.35"
4/25/24,12:28:42,TRD,1000431140984,SOLD -8 SPY 100 25 APR 24 501 CALL @1.62 CBOE,-0.13,-5.20,"1,296.00","214,981.02"
4/25/24,12:28:42,TRD,1000431140984,SOLD -8 SPY 100 25 APR 24 501 CALL @1.62 CBOE,-0.12,-5.20,"1,296.00","216,271.70"
4/25/24,12:29:52,TRD,1000431140992,BOT +39 SPY 100 25 APR 24 501 CALL @1.58 CBOE,-0.43,-25.35,"-6,162.00","210,083.92"
4/25/24,12:30:21,TRD,1000431140998,SOLD -39 SPY 100 25 APR 24 501 CALL @1.52 CBOE,-0.59,-25.35,"5,928.00","215,985.98"
4/25/24,12:31:43,TRD,1000431141001,BOT +39 SPY 100 25 APR 24 501 CALL @1.47,-0.43,-25.35,"-5,733.00","210,227.20"
4/25/24,12:32:26,TRD,1000431141008,SOLD -39 SPY 100 25 APR 24 501 CALL @1.40 CBOE,-0.58,-25.35,"5,460.00","215,661.27"
4/25/24,12:36:02,TRD,1000431141080,BOT +8 SPY 100 25 APR 24 501 CALL @1.53 CBOE,-0.09,-5.20,"-1,224.00","214,431.98"
4/25/24,12:36:02,TRD,1000431141080,BOT +18 SPY 100 25 APR 24 501 CALL @1.53 CBOE,-0.20,-11.70,"-2,754.00","211,666.08"
4/25/24,12:36:02,TRD,1000431141080,BOT +8 SPY 100 25 APR 24 501 CALL @1.53 CBOE,-0.08,-5.20,"-1,224.00","210,436.80"
4/25/24,12:36:02,TRD,1000431141080,BOT +5 SPY 100 25 APR 24 501 CALL @1.53 CBOE,-0.06,-3.25,-765.00,"209,668.49"
4/25/24,12:37:08,TRD,1000431141091,SOLD -1 SPY 100 25 APR 24 501 CALL @1.58 NASDAQ,-0.01,-0.65,158.00,"209,825.83"
4/25/24,12:37:08,TRD,1000431141091,SOLD -38 SPY 100 25 APR 24 501 CALL @1.58 CBOE,-0.58,-24.70,"6,004.00","215,804.55"
4/25/24,12:38:08,TRD,1000431141107,BOT +39 SPY 100 25 APR 24 501 CALL @1.50 CBOE,-0.43,-25.35,"-5,850.00","209,928.77"
4/25/24,12:38:58,TRD,1000431141119,BOT +39 SPY 100 25 APR 24 501 CALL @1.38,-0.43,-25.35,"-5,382.00","204,520.99"
4/25/24,12:40:14,TRD,1000431141134,SOLD -39 SPY 100 25 APR 24 501 CALL @1.47,-0.59,-25.35,"5,733.00","210,228.05"
4/25/24,12:41:49,TRD,1000431141148,BOT +5 SPY 100 25 APR 24 501 CALL @1.37 CBOE,-0.05,-3.25,-685.00,"209,539.75"
4/25/24,12:41:49,TRD,1000431141148,BOT +34 SPY 100 25 APR 24 501 CALL @1.36 CBOE,-0.38,-22.10,"-4,624.00","204,893.27"
4/25/24,12:42:13,TRD,1000431141155,SOLD -39 SPY 100 25 APR 24 501 CALL @1.42,-0.58,-25.35,"5,538.00","210,405.34"
4/25/24,12:42:37,TRD,1000431141161,BOT +39 SPY 100 25 APR 24 501 CALL @1.35 CBOE,-0.43,-25.35,"-5,265.00","205,114.56"
4/25/24,12:42:59,TRD,1000431141175,SOLD -39 SPY 100 25 APR 24 501 CALL @1.39 CBOE,-0.58,-25.35,"5,421.00","210,509.63"
4/25/24,12:43:07,TRD,1000431141181,SOLD -1 SPY 100 25 APR 24 501 CALL @1.39 CBOE,-0.01,-0.65,139.00,"210,647.97"
4/25/24,12:43:07,TRD,1000431141181,SOLD -5 SPY 100 25 APR 24 501 CALL @1.39 CBOE,-0.09,-3.25,695.00,"211,339.63"
4/25/24,12:43:07,TRD,1000431141181,SOLD -33 SPY 100 25 APR 24 501 CALL @1.39 CBOE,-0.48,-21.45,"4,587.00","215,904.70"
4/25/24,12:51:37,TRD,1000431141271,BOT +39 SPY 100 25 APR 24 501 CALL @1.46,-0.43,-25.35,"-5,694.00","210,184.92"
4/25/24,12:52:59,TRD,1000431141299,SOLD -5 SPY 100 25 APR 24 501 CALL @1.58 CBOE,-0.07,-3.25,790.00,"210,971.60"
4/25/24,12:52:59,TRD,1000431141299,SOLD -8 SPY 100 25 APR 24 501 CALL @1.58 CBOE,-0.13,-5.20,"1,264.00","212,230.27"
4/25/24,12:52:59,TRD,1000431141299,SOLD -5 SPY 100 25 APR 24 501 CALL @1.58 CBOE,-0.07,-3.25,790.00,"213,016.95"
4/25/24,12:52:59,TRD,1000431141299,SOLD -5 SPY 100 25 APR 24 501 CALL @1.58 CBOE,-0.07,-3.25,790.00,"213,803.63"
4/25/24,12:52:59,TRD,1000431141299,SOLD -8 SPY 100 25 APR 24 501 CALL @1.58 CBOE,-0.13,-5.20,"1,264.00","215,062.30"
4/25/24,12:52:59,TRD,1000431141299,SOLD -8 SPY 100 25 APR 24 501 CALL @1.58 CBOE,-0.12,-5.20,"1,264.00","216,320.98"
4/25/24,12:56:56,TRD,1000431141330,BOT +39 SPY 100 25 APR 24 501 CALL @1.88,-0.43,-25.35,"-7,332.00","208,963.20"
4/25/24,12:58:46,TRD,1000431141344,BOT +39 SPY 100 25 APR 24 501 CALL @1.72 CBOE,-0.43,-25.35,"-6,708.00","202,229.42"
4/25/24,13:01:38,TRD,1000431141379,SOLD -2 SPY 100 25 APR 24 501 CALL @1.76,-0.03,-1.30,352.00,"202,580.09"
4/25/24,13:01:38,TRD,1000431141379,SOLD -1 SPY 100 25 APR 24 501 CALL @1.76 NASDAQ,-0.01,-0.65,176.00,"202,755.43"
4/25/24,13:01:38,TRD,1000431141379,SOLD -36 SPY 100 25 APR 24 501 CALL @1.76 NASDAQ,-0.55,-23.40,"6,336.00","209,067.48"
4/25/24,13:03:49,TRD,1000431141397,SOLD -39 SPY 100 25 APR 24 501 CALL @1.84 CBOE,-0.60,-25.35,"7,176.00","216,217.53"
4/25/24,13:05:40,TRD,1000431141407,BOT +39 SPY 100 25 APR 24 501 CALL @1.98 CBOE,-0.43,-25.35,"-7,722.00","208,469.75"
4/25/24,13:08:13,TRD,1000431141417,BOT +15 SPY 100 25 APR 24 501 CALL @1.74 CBOE,-0.16,-9.75,"-2,610.00","205,849.84"
4/25/24,13:08:13,TRD,1000431141417,BOT +8 SPY 100 25 APR 24 501 CALL @1.74 CBOE,-0.09,-5.20,"-1,392.00","204,452.55"
4/25/24,13:08:13,TRD,1000431141417,BOT +8 SPY 100 25 APR 24 501 CALL @1.74 CBOE,-0.09,-5.20,"-1,392.00","203,055.26"
4/25/24,13:08:13,TRD,1000431141417,BOT +8 SPY 100 25 APR 24 501 CALL @1.74 CBOE,-0.09,-5.20,"-1,392.00","201,657.97"
4/25/24,13:21:52,TRD,1000431141557,SOLD -5 SPY 100 25 APR 24 501 CALL @1.42 CBOE,-0.07,-3.25,710.00,"202,364.65"
4/25/24,13:21:52,TRD,1000431141557,SOLD -5 SPY 100 25 APR 24 501 CALL @1.42 CBOE,-0.08,-3.25,710.00,"203,071.32"
4/25/24,13:21:52,TRD,1000431141557,SOLD -8 SPY 100 25 APR 24 501 CALL @1.42 CBOE,-0.12,-5.20,"1,136.00","204,202.00"
4/25/24,13:21:52,TRD,1000431141557,SOLD -8 SPY 100 25 APR 24 501 CALL @1.42 CBOE,-0.12,-5.20,"1,136.00","205,332.68"
4/25/24,13:21:52,TRD,1000431141557,SOLD -13 SPY 100 25 APR 24 501 CALL @1.43 CBOE,-0.19,-8.45,"1,859.00","207,183.04"
4/25/24,13:21:55,TRD,1000431141559,SOLD -39 SPY 100 25 APR 24 501 CALL @1.44 CBOE,-0.58,-25.35,"5,616.00","212,773.11"
4/25/24,13:22:44,TRD,1000431141565,BOT +19 SPY 100 25 APR 24 501 PUT @1.14,-0.21,-12.35,"-2,166.00","210,594.55"
4/25/24,13:22:44,TRD,1000431141565,BOT +20 SPY 100 25 APR 24 501 PUT @1.14,-0.22,-13.00,"-2,280.00","208,301.33"
4/25/24,13:24:10,TRD,1000431141608,SOLD -39 SPY 100 25 APR 24 501 PUT @1.20 CBOE,-0.58,-25.35,"4,680.00","212,955.40"
4/25/24,13:26:51,TRD,1000431141648,BOT +36 SPY 100 25 APR 24 501 CALL @1.39 BATS,-0.40,-23.40,"-5,004.00","207,927.60"
4/25/24,13:26:51,TRD,1000431141648,BOT +3 SPY 100 25 APR 24 501 CALL @1.40 BATS,-0.03,-1.95,-420.00,"207,505.62"
4/25/24,13:28:02,TRD,1000431141654,SOLD -39 SPY 100 25 APR 24 501 CALL @1.50 CBOE,-0.59,-25.35,"5,850.00","213,329.68"
4/25/24,13:28:51,TRD,1000431141667,BOT +6 SPY 100 25 APR 24 501 CALL @1.46 CBOE,-0.07,-3.90,-876.00,"212,449.71"
4/25/24,13:28:51,TRD,1000431141667,BOT +1 SPY 100 25 APR 24 501 CALL @1.46 CBOE,-0.01,-0.65,-146.00,"212,303.05"
4/25/24,13:28:51,TRD,1000431141667,BOT +5 SPY 100 25 APR 24 501 CALL @1.46 CBOE,-0.05,-3.25,-730.00,"211,569.75"
4/25/24,13:28:52,TRD,1000431141667,BOT +15 SPY 100 25 APR 24 501 CALL @1.46 CBOE,-0.17,-9.75,"-2,190.00","209,369.83"
4/25/24,13:28:52,TRD,1000431141667,BOT +12 SPY 100 25 APR 24 501 CALL @1.46 CBOE,-0.13,-7.80,"-1,752.00","207,609.90"
4/25/24,13:29:32,TRD,1000431141675,SOLD -39 SPY 100 25 APR 24 501 CALL @1.60,-0.59,-25.35,"6,240.00","213,823.96"
4/25/24,13:30:06,TRD,1000431141688,BOT +23 SPY 100 25 APR 24 501 CALL @1.58 CBOE,-0.25,-14.95,"-3,634.00","210,174.76"
4/25/24,13:30:06,TRD,1000431141688,BOT +3 SPY 100 25 APR 24 501 CALL @1.58 CBOE,-0.04,-1.95,-474.00,"209,698.77"
4/25/24,13:30:06,TRD,1000431141688,BOT +5 SPY 100 25 APR 24 501 CALL @1.58 CBOE,-0.05,-3.25,-790.00,"208,905.47"
4/25/24,13:30:06,TRD,1000431141688,BOT +1 SPY 100 25 APR 24 501 CALL @1.58 CBOE,-0.01,-0.65,-158.00,"208,746.81"
4/25/24,13:30:06,TRD,1000431141688,BOT +7 SPY 100 25 APR 24 501 CALL @1.58 CBOE,-0.08,-4.55,"-1,106.00","207,636.18"
4/25/24,13:30:39,TRD,1000431141690,SOLD -17 SPY 100 25 APR 24 501 CALL @1.66 BOX,-0.26,-11.05,"2,822.00","210,446.87"
4/25/24,13:30:40,TRD,1000431141690,SOLD -22 SPY 100 25 APR 24 501 CALL @1.67 CBOE,-0.33,-14.30,"3,674.00","214,106.24"
4/25/24,13:31:18,TRD,1000431141694,BOT +39 SPY 100 25 APR 24 501 CALL @1.63 CBOE,-0.43,-25.35,"-6,357.00","207,723.46"
4/25/24,13:32:17,TRD,1000431141699,SOLD -39 SPY 100 25 APR 24 501 CALL @1.66,-0.59,-25.35,"6,474.00","214,171.52"
4/25/24,13:33:25,TRD,1000431141709,BOT +39 SPY 100 25 APR 24 501 CALL @1.77 CBOE,-0.43,-25.35,"-6,903.00","207,242.74"
4/25/24,13:33:56,TRD,1000431141711,BOT +19 SPY 100 25 APR 24 501 CALL @1.74 CBOE,-0.21,-12.35,"-3,306.00","203,924.18"
4/25/24,13:33:56,TRD,1000431141711,BOT +3 SPY 100 25 APR 24 501 CALL @1.74 CBOE,-0.03,-1.95,-522.00,"203,400.20"
4/25/24,13:33:56,TRD,1000431141711,BOT +17 SPY 100 25 APR 24 501 CALL @1.74 CBOE,-0.19,-11.05,"-2,958.00","200,430.96"
4/25/24,13:34:05,TRD,1000431141713,SOLD -39 SPY 100 25 APR 24 501 CALL @1.76,-0.59,-25.35,"6,864.00","207,269.02"
4/25/24,13:34:12,TRD,1000431141715,SOLD -39 SPY 100 25 APR 24 501 CALL @1.80 CBOE,-0.60,-25.35,"7,020.00","214,263.07"
4/25/24,13:34:54,TRD,1000431141723,BOT +39 SPY 100 25 APR 24 501 CALL @1.75 NASDAQ,-0.43,-25.35,"-6,825.00","207,412.29"
4/25/24,13:35:53,TRD,1000431141727,SOLD -16 SPY 100 25 APR 24 501 CALL @1.89 CBOE,-0.24,-10.40,"3,024.00","210,425.65"
4/25/24,13:35:53,TRD,1000431141727,SOLD -5 SPY 100 25 APR 24 501 CALL @1.89 CBOE,-0.08,-3.25,945.00,"211,367.32"
4/25/24,13:35:53,TRD,1000431141727,SOLD -5 SPY 100 25 APR 24 501 CALL @1.89 CBOE,-0.08,-3.25,945.00,"212,308.99"
4/25/24,13:35:53,TRD,1000431141727,SOLD -5 SPY 100 25 APR 24 501 CALL @1.89 CBOE,-0.08,-3.25,945.00,"213,250.66"
4/25/24,13:35:53,TRD,1000431141727,SOLD -5 SPY 100 25 APR 24 501 CALL @1.89 CBOE,-0.07,-3.25,945.00,"214,192.34"
4/25/24,13:35:53,TRD,1000431141727,SOLD -2 SPY 100 25 APR 24 501 CALL @1.89 CBOE,-0.04,-1.30,378.00,"214,569.00"
4/25/24,13:35:54,TRD,1000431141727,SOLD -1 SPY 100 25 APR 24 501 CALL @1.89 CBOE,-0.01,-0.65,189.00,"214,757.34"
4/25/24,13:36:14,TRD,1000431141736,BOT +39 SPY 100 25 APR 24 501 CALL @1.88,-0.43,-25.35,"-7,332.00","207,399.56"
4/25/24,13:36:33,TRD,1000431141740,SOLD -39 SPY 100 25 APR 24 501 CALL @1.90 CBOE,-0.60,-25.35,"7,410.00","214,783.61"
4/25/24,13:39:16,TRD,1000431141755,BOT +39 SPY 100 25 APR 24 502 CALL @1.71 MIAX,-0.43,-25.35,"-6,669.00","208,088.83"
4/25/24,13:40:09,TRD,1000431141775,SOLD -10 SPY 100 25 APR 24 502 CALL @1.71,-0.15,-6.50,"1,710.00","209,792.18"
4/25/24,13:40:09,TRD,1000431141775,SOLD -29 SPY 100 25 APR 24 502 CALL @1.72 CBOE,-0.44,-18.85,"4,988.00","214,760.89"
4/25/24,13:40:33,TRD,1000431141779,BOT +39 SPY 100 25 APR 24 502 CALL @1.61 CBOE,-0.43,-25.35,"-6,279.00","208,456.11"
4/25/24,13:41:27,TRD,1000431141800,SOLD -39 SPY 100 25 APR 24 502 CALL @1.58 CBOE,-0.59,-25.35,"6,162.00","214,592.17"
4/25/24,13:59:46,TRD,1000431842075,BOT +39 SPY 100 25 APR 24 503 CALL @1.45,-0.43,-25.35,"-5,655.00","208,911.39"
4/25/24,14:02:34,TRD,1000431842120,SOLD -39 SPY 100 25 APR 24 503 CALL @1.29 CBOE,-0.58,-25.35,"5,031.00","213,916.46"
4/25/24,14:03:48,TRD,1000431842138,BOT +3 SPY 100 25 APR 24 503 CALL @1.26 CBOE,-0.03,-1.95,-378.00,"213,536.48"
4/25/24,14:03:48,TRD,1000431842138,BOT +5 SPY 100 25 APR 24 503 CALL @1.26 CBOE,-0.06,-3.25,-630.00,"212,903.17"
4/25/24,14:03:48,TRD,1000431842138,BOT +4 SPY 100 25 APR 24 503 CALL @1.26 CBOE,-0.04,-2.60,-504.00,"212,396.53"
4/25/24,14:03:48,TRD,1000431842138,BOT +27 SPY 100 25 APR 24 503 CALL @1.26 CBOE,-0.30,-17.55,"-3,402.00","208,976.68"
4/25/24,14:04:25,TRD,1000431842143,SOLD -39 SPY 100 25 APR 24 503 CALL @1.32 CBOE,-0.58,-25.35,"5,148.00","214,098.75"
4/25/24,14:42:30,TRD,1000431842387,BOT +39 SPY 100 25 APR 24 502 PUT @1.10 CBOE,-0.43,-25.35,"-4,290.00","209,782.97"
4/25/24,14:43:17,TRD,1000431842391,SOLD -39 SPY 100 25 APR 24 502 PUT @1.14,-0.58,-25.35,"4,446.00","214,203.04"
4/25/24,14:45:25,TRD,1000431842411,BOT +39 SPY 100 25 APR 24 502 PUT @1.17 CBOE,-0.43,-25.35,"-4,563.00","209,614.26"
4/25/24,14:47:07,TRD,1000431842435,SOLD -39 SPY 100 25 APR 24 502 PUT @1.23,-0.58,-25.35,"4,797.00","214,385.33"
4/25/24,14:47:45,TRD,1000431842453,BOT +39 SPY 100 25 APR 24 502 PUT @1.18 CBOE,-0.43,-25.35,"-4,602.00","209,757.55"
4/25/24,14:50:16,TRD,1000431842474,SOLD -8 SPY 100 25 APR 24 502 PUT @1.08 CBOE,-0.12,-5.20,864.00,"210,616.23"
4/25/24,14:50:16,TRD,1000431842474,SOLD -6 SPY 100 25 APR 24 502 PUT @1.08 CBOE,-0.08,-3.90,648.00,"211,260.25"
4/25/24,14:50:16,TRD,1000431842474,SOLD -5 SPY 100 25 APR 24 502 PUT @1.08 CBOE,-0.08,-3.25,540.00,"211,796.92"
4/25/24,14:50:16,TRD,1000431842474,SOLD -20 SPY 100 25 APR 24 502 PUT @1.07 CBOE,-0.29,-13.00,"2,140.00","213,923.63"
4/25/24,14:57:45,TRD,1000431842540,BOT +39 SPY 100 25 APR 24 502 CALL @1.18 CBOE,-0.43,-25.35,"-4,602.00","209,295.85"
4/25/24,14:59:03,TRD,1000431842558,SOLD -39 SPY 100 25 APR 24 502 CALL @1.17,-0.58,-25.35,"4,563.00","213,832.92"
4/25/24,15:00:02,TRD,1000431842564,BOT +39 SPY 100 25 APR 24 502 CALL @1.37,-0.43,-25.35,"-5,343.00","208,464.14"
4/25/24,15:00:58,TRD,1000431842572,SOLD -39 SPY 100 25 APR 24 502 CALL @1.40 CBOE,-0.58,-25.35,"5,460.00","213,898.21"
4/25/24,15:04:35,TRD,1000431842593,BOT +39 SPY 100 25 APR 24 503 CALL @1.32,-0.43,-25.35,"-5,148.00","208,724.43"
4/25/24,15:06:44,TRD,1000431842622,BOT +5 SPY 100 25 APR 24 503 CALL @1.26 CBOE,-0.05,-3.25,-630.00,"208,091.13"
4/25/24,15:06:44,TRD,1000431842622,BOT +34 SPY 100 25 APR 24 503 CALL @1.25 CBOE,-0.38,-22.10,"-4,250.00","203,818.65"
4/25/24,15:12:45,TRD,1000431842658,SOLD -35 SPY 100 25 APR 24 503 CALL @1.30 CBOE,-0.52,-22.75,"4,550.00","208,345.38"
4/25/24,15:12:45,TRD,1000431842658,SOLD -4 SPY 100 25 APR 24 503 CALL @1.30 CBOE,-0.06,-2.60,520.00,"208,862.72"
4/25/24,15:14:22,TRD,1000431842685,BOT +5 SPY 100 25 APR 24 503 CALL @1.24 CBOE,-0.05,-3.25,-620.00,"208,239.42"
4/25/24,15:14:22,TRD,1000431842685,BOT +8 SPY 100 25 APR 24 503 CALL @1.24 CBOE,-0.09,-5.20,-992.00,"207,242.13"
4/25/24,15:14:22,TRD,1000431842685,BOT +8 SPY 100 25 APR 24 503 CALL @1.24 CBOE,-0.09,-5.20,-992.00,"206,244.84"
4/25/24,15:14:22,TRD,1000431842685,BOT +13 SPY 100 25 APR 24 503 CALL @1.24 CBOE,-0.14,-8.45,"-1,612.00","204,624.25"
4/25/24,15:14:22,TRD,1000431842685,BOT +5 SPY 100 25 APR 24 503 CALL @1.24 CBOE,-0.06,-3.25,-620.00,"204,000.94"
4/25/24,15:15:03,TRD,1000431842691,SOLD -39 SPY 100 25 APR 24 503 CALL @1.26 CBOE,-0.58,-25.35,"4,914.00","208,889.01"
4/25/24,15:16:05,TRD,1000431842698,SOLD -39 SPY 100 25 APR 24 503 CALL @1.36,-0.58,-25.35,"5,304.00","214,167.08"
4/25/24,15:16:59,TRD,1000431842709,BOT +12 SPY 100 25 APR 24 503 CALL @1.28 CBOE,-0.13,-7.80,"-1,536.00","212,623.15"
4/25/24,15:16:59,TRD,1000431842709,BOT +12 SPY 100 25 APR 24 503 CALL @1.28 CBOE,-0.13,-7.80,"-1,536.00","211,079.22"
4/25/24,15:16:59,TRD,1000431842709,BOT +11 SPY 100 25 APR 24 503 CALL @1.28 CBOE,-0.12,-7.15,"-1,408.00","209,663.95"
4/25/24,15:16:59,TRD,1000431842709,BOT +4 SPY 100 25 APR 24 503 CALL @1.28 CBOE,-0.05,-2.60,-512.00,"209,149.30"
4/25/24,15:17:33,TRD,1000431842714,SOLD -39 SPY 100 25 APR 24 503 CALL @1.34,-0.58,-25.35,"5,226.00","214,349.37"
4/25/24,15:19:13,TRD,1000431842745,BOT +39 SPY 100 25 APR 24 503 CALL @1.57 CBOE,-0.43,-25.35,"-6,123.00","208,200.59"
4/25/24,15:20:06,TRD,1000431842753,SOLD -1 SPY 100 25 APR 24 503 CALL @1.65 CBOE,-0.01,-0.65,165.00,"208,364.93"
4/25/24,15:20:06,TRD,1000431842753,SOLD -1 SPY 100 25 APR 24 503 CALL @1.65 CBOE,-0.02,-0.65,165.00,"208,529.26"
4/25/24,15:20:06,TRD,1000431842753,SOLD -8 SPY 100 25 APR 24 503 CALL @1.64 CBOE,-0.12,-5.20,"1,312.00","209,835.94"
4/25/24,15:20:06,TRD,1000431842753,SOLD -29 SPY 100 25 APR 24 503 CALL @1.64 CBOE,-0.44,-18.85,"4,756.00","214,572.65"
4/25/24,15:20:19,TRD,1000431842755,BOT +21 SPY 100 25 APR 24 503 CALL @1.58 CBOE,-0.23,-13.65,"-3,318.00","211,240.77"
4/25/24,15:20:19,TRD,1000431842755,BOT +15 SPY 100 25 APR 24 503 CALL @1.58 CBOE,-0.17,-9.75,"-2,370.00","208,860.85"
4/25/24,15:20:19,TRD,1000431842755,BOT +1 SPY 100 25 APR 24 503 CALL @1.58 CBOE,-0.01,-0.65,-158.00,"208,702.19"
4/25/24,15:20:20,TRD,1000431842755,BOT +2 SPY 100 25 APR 24 503 CALL @1.58 CBOE,-0.02,-1.30,-316.00,"208,384.87"
4/25/24,15:22:16,TRD,1000431842779,SOLD -39 SPY 100 25 APR 24 503 CALL @1.70 CBOE,-0.59,-25.35,"6,630.00","214,988.93"
4/25/24,15:23:25,TRD,1000431842784,BOT +39 SPY 100 25 APR 24 503 CALL @1.71 CBOE,-0.43,-25.35,"-6,669.00","208,294.15"
4/25/24,15:27:28,TRD,1000431842806,BOT +39 SPY 100 25 APR 24 503 CALL @1.50 CBOE,-0.43,-25.35,"-5,850.00","202,418.37"
4/25/24,15:28:04,TRD,1000431842815,SOLD -34 SPY 100 25 APR 24 503 CALL @1.55 CBOE,-0.50,-22.10,"5,270.00","207,665.77"
4/25/24,15:28:04,TRD,1000431842815,SOLD -5 SPY 100 25 APR 24 503 CALL @1.55 CBOE,-0.09,-3.25,775.00,"208,437.43"
4/25/24,15:29:41,TRD,1000431842825,SOLD -39 SPY 100 25 APR 24 503 CALL @1.64 MIAX,-0.59,-25.35,"6,396.00","214,807.49"
4/25/24,15:30:26,TRD,1000431842827,BOT +39 SPY 100 25 APR 24 503 CALL @1.59 CBOE,-0.43,-25.35,"-6,201.00","208,580.71"
4/25/24,15:30:56,TRD,1000431842835,BOT +19 SPY 100 25 APR 24 503 CALL @1.53,-0.21,-12.35,"-2,907.00","205,661.15"
4/25/24,15:30:56,TRD,1000431842835,BOT +20 SPY 100 25 APR 24 503 CALL @1.53,-0.22,-13.00,"-3,060.00","202,587.93"
4/25/24,15:31:04,TRD,1000431842837,SOLD -5 SPY 100 25 APR 24 503 CALL @1.53 CBOE,-0.07,-3.25,765.00,"203,349.61"
4/25/24,15:31:04,TRD,1000431842837,SOLD -14 SPY 100 25 APR 24 503 CALL @1.53 CBOE,-0.21,-9.10,"2,142.00","205,482.30"
4/25/24,15:31:04,TRD,1000431842837,SOLD -5 SPY 100 25 APR 24 503 CALL @1.53 CBOE,-0.08,-3.25,765.00,"206,243.97"
4/25/24,15:31:04,TRD,1000431842837,SOLD -5 SPY 100 25 APR 24 503 CALL @1.53 CBOE,-0.08,-3.25,765.00,"207,005.64"
4/25/24,15:31:04,TRD,1000431842837,SOLD -5 SPY 100 25 APR 24 503 CALL @1.53 CBOE,-0.06,-3.25,765.00,"207,767.33"
4/25/24,15:31:04,TRD,1000431842837,SOLD -3 SPY 100 25 APR 24 503 CALL @1.53 CBOE,-0.06,-1.95,459.00,"208,224.32"
4/25/24,15:31:04,TRD,1000431842837,SOLD -2 SPY 100 25 APR 24 503 CALL @1.53 CBOE,-0.03,-1.30,306.00,"208,528.99"
4/25/24,15:32:02,TRD,1000431842850,BOT +2 SPY 100 25 APR 24 503 CALL @1.46 CBOE,-0.02,-1.30,-292.00,"208,235.67"
4/25/24,15:32:02,TRD,1000431842850,BOT +2 SPY 100 25 APR 24 503 CALL @1.46 CBOE,-0.02,-1.30,-292.00,"207,942.35"
4/25/24,15:32:02,TRD,1000431842850,BOT +35 SPY 100 25 APR 24 503 CALL @1.47 CBOE,-0.39,-22.75,"-5,145.00","202,774.21"
4/25/24,15:33:02,TRD,1000431842858,SOLD -39 SPY 100 25 APR 24 503 CALL @1.47,-0.59,-25.35,"5,733.00","208,481.27"
4/25/24,15:33:24,TRD,1000431842863,BOT +39 SPY 100 25 APR 24 503 CALL @1.38 CBOE,-0.43,-25.35,"-5,382.00","203,073.49"
4/25/24,15:34:23,TRD,1000431842870,SOLD -39 SPY 100 25 APR 24 503 CALL @1.41,-0.58,-25.35,"5,499.00","208,546.56"
4/25/24,15:36:08,TRD,1000431842882,BOT +39 SPY 100 25 APR 24 503 CALL @1.35 CBOE,-0.43,-25.35,"-5,265.00","203,255.78"
4/25/24,15:36:43,TRD,1000431842891,SOLD -16 SPY 100 25 APR 24 503 CALL @1.27 CBOE,-0.24,-10.40,"2,032.00","205,277.14"
4/25/24,15:36:43,TRD,1000431842891,SOLD -7 SPY 100 25 APR 24 503 CALL @1.27 CBOE,-0.09,-4.55,889.00,"206,161.50"
4/25/24,15:36:43,TRD,1000431842891,SOLD -7 SPY 100 25 APR 24 503 CALL @1.27 CBOE,-0.11,-4.55,889.00,"207,045.84"
4/25/24,15:36:43,TRD,1000431842891,SOLD -7 SPY 100 25 APR 24 503 CALL @1.27 CBOE,-0.11,-4.55,889.00,"207,930.18"
4/25/24,15:36:43,TRD,1000431842891,SOLD -1 SPY 100 25 APR 24 503 CALL @1.27 CBOE,-0.02,-0.65,127.00,"208,056.51"
4/25/24,15:36:43,TRD,1000431842891,SOLD -1 SPY 100 25 APR 24 503 CALL @1.27 CBOE,-0.01,-0.65,127.00,"208,182.85"
4/25/24,15:36:49,TRD,1000431842893,SOLD -39 SPY 100 25 APR 24 503 CALL @1.32,-0.58,-25.35,"5,148.00","213,304.92"
4/25/24,15:37:21,TRD,1000431842901,BOT +39 SPY 100 25 APR 24 503 PUT @.73 CBOE,-0.43,-25.35,"-2,847.00","210,432.14"
4/25/24,15:39:14,TRD,1000431842908,SOLD -39 SPY 100 25 APR 24 503 PUT @.76 CBOE,-0.56,-25.35,"2,964.00","213,370.23"
4/25/24,15:40:16,TRD,1000431842915,BOT +39 SPY 100 25 APR 24 503 PUT @.80 CBOE,-0.43,-25.35,"-3,120.00","210,224.45"
4/25/24,15:41:00,TRD,1000431842922,SOLD -39 SPY 100 25 APR 24 503 PUT @.95,-0.57,-25.35,"3,705.00","213,903.53"
4/25/24,15:42:18,TRD,1000431842927,BOT +5 SPY 100 25 APR 24 503 PUT @1.11 CBOE,-0.05,-3.25,-555.00,"213,345.23"
4/25/24,15:42:18,TRD,1000431842927,BOT +34 SPY 100 25 APR 24 503 PUT @1.10 CBOE,-0.38,-22.10,"-3,740.00","209,582.75"
4/25/24,15:43:02,TRD,1000431842931,SOLD -9 SPY 100 25 APR 24 503 PUT @.92 CBOE,-0.14,-5.85,828.00,"210,404.76"
4/25/24,15:43:02,TRD,1000431842931,SOLD -7 SPY 100 25 APR 24 503 PUT @.92 CBOE,-0.09,-4.55,644.00,"211,044.12"
4/25/24,15:43:02,TRD,1000431842931,SOLD -23 SPY 100 25 APR 24 503 PUT @.92 CBOE,-0.34,-14.95,"2,116.00","213,144.83"
4/25/24,15:43:15,TRD,1000431842935,BOT +39 SPY 100 25 APR 24 503 CALL @1.13,-0.43,-25.35,"-4,407.00","208,712.05"
4/25/24,15:44:58,TRD,1000431842951,SOLD -8 SPY 100 25 APR 24 503 CALL @1.00 CBOE,-0.12,-5.20,800.00,"209,506.73"
4/25/24,15:44:58,TRD,1000431842951,SOLD -5 SPY 100 25 APR 24 503 CALL @1.00 CBOE,-0.07,-3.25,500.00,"210,003.41"
4/25/24,15:44:58,TRD,1000431842951,SOLD -6 SPY 100 25 APR 24 503 CALL @1.00 CBOE,-0.09,-3.90,600.00,"210,599.42"
4/25/24,15:44:58,TRD,1000431842951,SOLD -5 SPY 100 25 APR 24 503 CALL @1.00 CBOE,-0.07,-3.25,500.00,"211,096.10"
4/25/24,15:44:58,TRD,1000431842951,SOLD -8 SPY 100 25 APR 24 503 CALL @1.00 CBOE,-0.12,-5.20,800.00,"211,890.78"
4/25/24,15:44:58,TRD,1000431842951,SOLD -7 SPY 100 25 APR 24 503 CALL @1.00 CBOE,-0.10,-4.55,700.00,"212,586.13"
4/25/24,15:47:05,TRD,1000431842958,BOT +39 SPY 100 25 APR 24 503 PUT @1.07,-0.43,-25.35,"-4,173.00","208,387.35"
4/25/24,15:48:02,TRD,1000431842974,BOT +39 SPY 100 25 APR 24 503 PUT @1.01 CBOE,-0.43,-25.35,"-3,939.00","204,422.57"
4/25/24,15:48:19,TRD,1000431842978,SOLD -39 SPY 100 25 APR 24 503 PUT @.91 CBOE,-0.57,-25.35,"3,549.00","207,945.65"
4/25/24,15:48:21,TRD,1000431842981,SOLD -5 SPY 100 25 APR 24 503 PUT @.94 CBOE,-0.06,-3.25,470.00,"208,412.34"
4/25/24,15:48:21,TRD,1000431842981,SOLD -30 SPY 100 25 APR 24 503 PUT @.93 CBOE,-0.45,-19.50,"2,790.00","211,182.39"
4/25/24,15:48:21,TRD,1000431842981,SOLD -4 SPY 100 25 APR 24 503 PUT @.93 CBOE,-0.06,-2.60,372.00,"211,551.73"
4/25/24,15:50:06,TRD,1000431842998,BOT +39 SPY 100 25 APR 24 503 PUT @1.06,-0.43,-25.35,"-4,134.00","207,391.95"
4/25/24,15:51:22,TRD,1000431843024,SOLD -18 SPY 100 25 APR 24 503 PUT @.88 CBOE,-0.26,-11.70,"1,584.00","208,963.99"
4/25/24,15:51:22,TRD,1000431843024,SOLD -10 SPY 100 25 APR 24 503 PUT @.89 CBOE,-0.15,-6.50,890.00,"209,847.34"
4/25/24,15:51:22,TRD,1000431843024,SOLD -3 SPY 100 25 APR 24 503 PUT @.88 CBOE,-0.04,-1.95,264.00,"210,109.35"
4/25/24,15:51:22,TRD,1000431843024,SOLD -8 SPY 100 25 APR 24 503 PUT @.89 CBOE,-0.12,-5.20,712.00,"210,816.03"
4/26/24,01:00:00,BAL,,Cash balance at the start of business day 26.04 CST,,,,"210,816.03"
